latitude,longitude,depth,mag,magType,rms,type,status,Year,Month,Day,Hour,Minute,Second,DayOfWeek
41.758,23.249,-0.43051682492740795,3.296719848562248,mw,0.2559589462186459,earthquake,reviewed,1904,4,4,10,26,0,0
41.802,23.108,-0.43051682492740795,2.920854235672022,mw,0.22761490585464866,earthquake,reviewed,1904,4,4,10,2,34,0
52.763,160.277,-0.291162392756433,4.716656608369771,mw,0.3606562751929954,earthquake,reviewed,1904,6,25,21,0,38,5
51.424,161.638,-0.43051682492740795,4.299028149602852,mw,0.33154305385597227,earthquake,reviewed,1904,6,25,14,45,39,5
30.684,100.608,-0.43051682492740795,3.44288980913067,mw,0.26698162858242275,earthquake,reviewed,1904,8,30,11,43,20,1
8.962,-84.042,-0.4769683023177329,3.8605182678975885,mw,0.299268392379707,earthquake,reviewed,1904,12,20,5,44,20,1
-32.312,-73.706,-0.4769683023177329,2.6702771604118714,mw,0.20951226456038272,earthquake,reviewed,1904,12,11,17,5,42,6
5.384,-80.533,-0.43051682492740795,2.1900044328299164,mw,0.17250149403576512,earthquake,reviewed,1904,12,2,2,19,12,4
10.082,-85.608,-0.38406534753708294,2.712040006288564,mw,0.21107483114847392,earthquake,reviewed,1905,1,20,18,0,31,4
39.156,23.085,-0.43051682492740795,2.2317672787066076,mw,0.17565083185398686,earthquake,reviewed,1905,1,20,2,32,28,4
-3.586,149.551,-0.43051682492740795,4.131976766096085,mw,0.3189457025830846,earthquake,reviewed,1905,1,13,13,20,39,4
26.71,55.433,-0.43051682492740795,1.6470874364329235,mw,0.1315601023988798,earthquake,reviewed,1905,1,9,6,14,46,0
-14.123,169.457,-0.43051682492740795,3.9440439596509718,mw,0.30477368240108593,earthquake,reviewed,1905,2,19,4,34,55,6
23.689,97.17,-0.43051682492740795,3.79787399908255,mw,0.2937510000373091,earthquake,reviewed,1905,2,17,11,41,7,4
51.89,-176.702,-0.244710915366108,4.486960956047965,mw,0.3425415315777098,earthquake,reviewed,1905,2,14,8,46,34,1
-17.221,162.523,-0.43051682492740795,3.254957002685557,mw,0.25280960840042416,earthquake,reviewed,1905,2,13,5,23,40,0
51.145,-179.859,-0.244710915366108,3.6308226155757826,mw,0.27798010630415954,earthquake,reviewed,1905,3,22,3,38,44,2
-24.363,-173.399,-0.43051682492740795,4.00668822846601,mw,0.3094976891284186,earthquake,reviewed,1905,3,18,23,57,40,5
-4.635,149.105,-0.43051682492740795,3.2758384256239026,mw,0.254384277309535,earthquake,reviewed,1905,3,4,23,17,22,5
-6.639,151.225,-0.43051682492740795,3.1714313109321735,mw,0.24651093276397992,earthquake,reviewed,1905,3,4,15,59,53,5
46.094,7.04,-0.43051682492740795,-0.2948848968332465,mw,-0.01488410614843998,earthquake,reviewed,1905,4,29,1,47,2,5
-12.082,-70.938,-0.244710915366108,2.544988622781797,mw,0.19609732303038965,earthquake,reviewed,1905,4,26,21,43,17,2
-16.431,168.676,-0.43051682492740795,2.3361743933983368,mw,0.18352417639954197,earthquake,reviewed,1905,4,25,9,23,52,1
-26.537,-173.362,-0.43051682492740795,2.8582099668569843,mw,0.22289089912731533,earthquake,reviewed,1905,4,19,12,31,7,2
40.365,19.213,-0.43051682492740795,-0.1278335133264791,mw,-0.002286754875552248,earthquake,reviewed,1905,4,4,11,0,32,1
39.605,20.418,-0.43051682492740795,0.5403720207005903,mw,0.04810265021599868,earthquake,reviewed,1905,4,4,10,24,41,1
32.597,76.916,-0.38406534753708294,5.134285067136689,mw,0.3937364246053457,earthquake,reviewed,1905,4,4,0,49,59,1
41.706,21.369,-0.43051682492740795,-0.0025449756964026644,mw,0.007161258579113727,earthquake,reviewed,1905,4,3,16,1,54,0
40.162,39.397,-0.43051682492740795,0.37332063719382297,mw,0.03550529894311095,earthquake,reviewed,1905,5,20,11,6,10,5
-2.282,149.949,-0.43051682492740795,3.5681783467607464,mw,0.27642964203708803,earthquake,reviewed,1905,5,18,13,45,27,3
25.967,143.332,-0.43051682492740795,2.7955656980419477,mw,0.2181668923999827,earthquake,reviewed,1905,5,11,17,9,1,3
20.462,-107.078,-0.4769683023177329,3.192312733870519,mw,0.24887898728815608,earthquake,reviewed,1905,5,9,6,39,49,1
-24.075,173.442,-0.244710915366108,2.5241071998434514,mw,0.19452265412127875,earthquake,reviewed,1905,6,14,11,29,43,2
-10.646,162.871,-0.43051682492740795,2.6076328915968348,mw,0.2039948722179841,earthquake,reviewed,1905,6,9,12,31,13,4
42.124,19.411,-0.43051682492740795,1.0206447482825451,mw,0.08432003512555099,earthquake,reviewed,1905,6,3,5,10,40,5
33.715,131.759,-0.012453528414483116,3.0670241962404443,mw,0.23149711768283734,earthquake,reviewed,1905,6,2,5,39,39,4
42.144,19.205,-0.43051682492740795,0.31067636837878476,mw,0.03078129221577831,earthquake,reviewed,1905,6,1,21,47,1,3
42.092,19.248,-0.43051682492740795,2.3152929704599914,mw,0.18194950749043037,earthquake,reviewed,1905,6,1,4,42,11,3
49.35,96.215,-0.4769683023177329,1.56356174467954,mw,0.1260548123775012,earthquake,reviewed,1905,7,23,20,35,4,6
49.292,96.843,-0.43051682492740795,6.032186253485562,mw,0.4622405733121822,earthquake,reviewed,1905,7,23,2,46,24,6
-23.039,171.862,-0.244710915366108,2.6702771604118714,mw,0.20554533648505563,earthquake,reviewed,1905,7,17,0,23,24,0
9.386,124.03,-0.244710915366108,1.2921032464810416,mw,0.10161718848373201,earthquake,reviewed,1905,7,16,18,46,55,6
49.77,99.124,-0.43051682492740795,2.962617081548715,mw,0.23076424367287043,earthquake,reviewed,1905,7,14,22,2,3,4
60.403,-116.982,-0.43051682492740795,1.7306131281863055,mw,0.13785877803532368,earthquake,reviewed,1905,7,14,8,51,18,4
50.24,98.5,-0.43051682492740795,3.046142773302099,mw,0.23706291930931464,earthquake,reviewed,1905,7,11,8,39,39,1
49.709,98.483,-0.43051682492740795,5.2386921818284184,mw,0.40240315476596533,earthquake,reviewed,1905,7,9,9,40,39,6
38.417,144.119,-0.43051682492740795,4.654012339554733,mw,0.3583124253108586,earthquake,reviewed,1905,7,6,16,20,46,3
41.981,13.776,-0.43051682492740795,-0.48281770327835927,mw,-0.029056126330438588,earthquake,reviewed,1905,8,25,20,40,53,4
41.812,19.689,-0.43051682492740795,-0.19047778214151734,mw,-0.0070107616028848825,earthquake,reviewed,1905,8,12,21,26,29,5
41.743,19.925,-0.43051682492740795,1.56356174467954,mw,0.12526142676243596,earthquake,reviewed,1905,8,4,5,8,57,4
-8.277,127.465,-0.244710915366108,3.589059769699092,mw,0.2748307684859378,earthquake,reviewed,1905,9,29,11,52,8,4
55.751,163.952,-0.43051682492740795,5.008996529506613,mw,0.38508179676574494,earthquake,reviewed,1905,9,15,6,2,20,4
50.462,-179.492,-0.43051682492740795,2.649395737473526,mw,0.20714421003620584,earthquake,reviewed,1905,9,14,19,41,40,3
38.636,15.784,-0.43051682492740795,3.65170403851413,mw,0.28272831767353224,earthquake,reviewed,1905,9,8,1,43,2,4
40.761,28.183,-0.43051682492740795,0.7074234042073577,mw,0.06070000148888641,earthquake,reviewed,1905,10,22,3,54,31,6
43.096,41.664,-0.43051682492740795,1.9394273575697656,mw,0.15360546712643317,earthquake,reviewed,1905,10,21,11,1,27,5
18.989,-77.755,-0.43051682492740795,1.8559016658163818,mw,0.14730679148998965,earthquake,reviewed,1905,10,15,21,42,12,6
42.461,23.143,-0.43051682492740795,1.417391784111118,mw,0.1142387443986591,earthquake,reviewed,1905,10,8,7,27,37,6
40.932,22.241,-0.43051682492740795,0.01833644724194279,mw,0.008735927488224606,earthquake,reviewed,1905,11,18,0,20,0,5
40.037,24.078,-0.43051682492740795,-0.33664774270993736,mw,-0.018033443966661736,earthquake,reviewed,1905,11,9,19,6,8,3
40.092,24.627,-0.43051682492740795,3.7561111532058593,mw,0.29060166221908734,earthquake,reviewed,1905,11,8,22,6,11,2
18.32,-108.557,-0.4769683023177329,3.1714313109321735,mw,0.2473043183790452,earthquake,reviewed,1905,12,17,5,30,32,6
13.445,125.858,-0.43051682492740795,2.837328543918639,mw,0.22131623021820446,earthquake,reviewed,1905,12,10,18,9,58,6
51.247,-176.193,-0.244710915366108,2.649395737473526,mw,0.20397066757594473,earthquake,reviewed,1905,12,10,12,35,3,6
37.216,38.83,-0.43051682492740795,0.24803209956374653,mw,0.026057285488445325,earthquake,reviewed,1905,12,4,12,20,7,0
38.153,38.645,-0.4769683023177329,2.837328543918639,mw,0.22210961583326974,earthquake,reviewed,1905,12,4,7,5,30,0
50.814,-172.794,-0.43051682492740795,3.108787042117135,mw,0.24178692603664728,earthquake,reviewed,1906,1,27,9,40,55,5
50.088,-125.314,-0.43051682492740795,2.106478741076533,mw,0.16620281839932088,earthquake,reviewed,1906,1,24,6,42,57,2
34.175,138.025,2.2172173863211158,4.0902139202193935,mw,0.2705733847061385,earthquake,reviewed,1906,1,21,13,49,33,6
49.256,18.421,-0.43051682492740795,0.3942020601321684,mw,0.037079967852221826,earthquake,reviewed,1906,1,9,23,4,45,1
53.418,170.1,-0.244710915366108,2.3779372392750293,mw,0.18349997175750263,earthquake,reviewed,1906,1,6,21,31,33,5
45.386,16.521,-0.43051682492740795,0.7283048271457031,mw,0.062274670397997285,earthquake,reviewed,1906,1,2,4,26,27,1
31.894,76.112,-0.43051682492740795,2.4405815080900677,mw,0.19139752094509635,earthquake,reviewed,1906,2,27,19,41,19,1
34.633,141.424,-0.43051682492740795,1.6888502823096145,mw,0.13470944021710193,earthquake,reviewed,1906,2,24,0,13,40,5
44.362,151.885,-0.43051682492740795,2.2317672787066076,mw,0.17565083185398686,earthquake,reviewed,1906,2,23,15,16,35,4
-9.899,160.04,-0.43051682492740795,3.881399690835934,mw,0.3000496756737526,earthquake,reviewed,1906,2,19,1,59,55,0
19.231,-63.499,-0.43051682492740795,1.6888502823096145,mw,0.13470944021710193,earthquake,reviewed,1906,2,16,17,39,18,4
-11.61,169.99,-0.43051682492740795,2.4823443539667585,mw,0.19454685876331812,earthquake,reviewed,1906,2,1,2,24,30,3
-24.606,172.204,-0.43051682492740795,2.3779372392750293,mw,0.18667351421776374,earthquake,reviewed,1906,3,28,18,5,1,2
-38.097,118.428,-0.4769683023177329,2.3988186622133747,mw,0.1890415687419399,earthquake,reviewed,1906,3,27,5,4,26,1
22.364,121.603,-0.43051682492740795,1.4382732070494635,mw,0.11581341330776997,earthquake,reviewed,1906,3,26,3,28,39,0
71.708,-6.135,-0.43051682492740795,1.70973170524796,mw,0.1362841091262128,earthquake,reviewed,1906,3,19,7,56,59,0
23.56,120.51,-0.4769683023177329,3.0252613503637513,mw,0.23628163601526905,earthquake,reviewed,1906,3,16,22,42,25,4
32.56,132.052,-0.291162392756433,2.503225776905104,mw,0.19374137082723317,earthquake,reviewed,1906,3,13,13,26,40,1
-21.86,171.692,-0.244710915366108,2.753802852165255,mw,0.21184401212149984,earthquake,reviewed,1906,3,10,16,22,48,5
-23.336,172.145,-0.244710915366108,2.503225776905104,mw,0.19294798521216788,earthquake,reviewed,1906,3,10,6,36,4,5
42.51,-23.277,-0.4769683023177329,1.0206447482825451,mw,0.08511342074061627,earthquake,reviewed,1906,3,8,17,45,16,3
6.938,-84.628,-0.4769683023177329,2.816447120980293,mw,0.22053494692415884,earthquake,reviewed,1906,3,3,8,41,16,5
43.219,84.179,-0.38406534753708294,2.503225776905104,mw,0.1953281420573637,earthquake,reviewed,1906,3,2,6,14,55,4
35.81,137.07,-0.43051682492740795,0.6865419812690103,mw,0.05912533257977553,earthquake,reviewed,1906,4,20,19,39,40,4
37.75,-122.55,-0.4611748000050224,5.134285067136689,mw,0.3950534447263537,earthquake,reviewed,1906,4,18,13,12,26,2
-22.291,171.324,-0.244710915366108,3.505534077945708,mw,0.26853209284949425,earthquake,reviewed,1906,4,14,3,57,36,5
23.562,120.64,-0.43051682492740795,2.3152929704599914,mw,0.18194950749043037,earthquake,reviewed,1906,4,13,23,52,1,4
23.598,120.463,-0.43051682492740795,3.234075579747212,mw,0.25123493949131326,earthquake,reviewed,1906,4,13,19,17,48,4
24.684,-110.436,-0.43051682492740795,3.8605182678975885,mw,0.2984750067646417,earthquake,reviewed,1906,4,10,21,22,53,1
36.723,142.318,-0.244710915366108,2.4405815080900677,mw,0.18822397848483524,earthquake,reviewed,1906,4,8,17,37,51,6
37.727,19.256,-0.43051682492740795,-0.04430782157309543,mw,0.0040119207608919705,earthquake,reviewed,1906,5,16,5,6,19,2
51.242,136.164,-0.43051682492740795,2.1900044328299164,mw,0.17250149403576512,earthquake,reviewed,1906,5,12,10,40,58,5
26.228,94.522,-0.244710915366108,2.2317672787066076,mw,0.17247728939372506,earthquake,reviewed,1906,5,12,5,48,44,5
-17.801,-69.965,-0.012453528414483116,1.5009174758645016,mw,0.11339694949951512,earthquake,reviewed,1906,5,5,0,21,16,5
34.093,134.891,-0.244710915366108,1.1876961317893124,mw,0.09374384393817727,earthquake,reviewed,1906,5,4,23,9,7,4
25.361,124.68,-0.337613870146758,2.2108858557682622,mw,0.17248939171474473,earthquake,reviewed,1906,5,2,1,13,38,2
20.335,95.216,-0.244710915366108,2.6076328915968348,mw,0.200821329757723,earthquake,reviewed,1906,6,24,11,18,32,6
16.751,-94.79,-0.012453528414483116,0.4568463289472066,mw,0.03466350404396697,earthquake,reviewed,1906,6,22,3,15,57,4
12.381,-88.018,-0.244710915366108,1.5844431676178854,mw,0.12366255321128572,earthquake,reviewed,1906,6,20,2,25,54,2
19.008,122.582,-0.43051682492740795,3.44288980913067,mw,0.26698162858242275,earthquake,reviewed,1906,6,19,11,22,36,1
34.554,24.662,-0.43051682492740795,-0.21135920507986278,mw,-0.008585430511995762,earthquake,reviewed,1906,6,17,1,13,17,6
14.224,93.087,-0.244710915366108,0.6447791353923195,mw,0.05280245230129232,earthquake,reviewed,1906,6,10,20,49,34,6
-2.495,138.56,-0.244710915366108,5.008996529506613,mw,0.38190825430548314,earthquake,reviewed,1906,6,1,4,30,50,4
-13.425,64.873,-0.4769683023177329,1.56356174467954,mw,0.1260548123775012,earthquake,reviewed,1906,7,22,18,34,39,6
7.714,-37.482,-0.4769683023177329,2.06471589519984,mw,0.16384686619616443,earthquake,reviewed,1906,7,20,11,18,53,4
10.857,-42.579,-0.4769683023177329,2.6702771604118714,mw,0.20951226456038272,earthquake,reviewed,1906,7,13,23,43,43,4
-18.358,-70.092,-0.012453528414483116,3.0670241962404443,mw,0.23149711768283734,earthquake,reviewed,1906,8,30,2,38,26,3
-2.489,144.187,-0.43051682492740795,3.5264155008840534,mw,0.2732803042188663,earthquake,reviewed,1906,8,26,6,1,9,6
7.031,40.06,-0.43051682492740795,2.2317672787066076,mw,0.17565083185398686,earthquake,reviewed,1906,8,25,13,47,25,5
6.959,38.34,-0.4769683023177329,1.1459332859126214,mw,0.09456143419528225,earthquake,reviewed,1906,8,25,11,54,2,5
45.185,-26.275,-0.4769683023177329,0.5194905977622448,mw,0.04732136692195307,earthquake,reviewed,1906,8,21,20,40,35,1
-39.228,-72.721,-0.43051682492740795,2.712040006288564,mw,0.21186821676353917,earthquake,reviewed,1906,8,19,9,34,8,6
-32.4,-71.4,-0.244710915366108,5.760727755287064,mw,0.4385963350334783,earthquake,reviewed,1906,8,17,0,40,4,4
51.853,178.18,0.4520612454887667,5.969541984670526,mw,0.4424422398986079,earthquake,reviewed,1906,8,17,0,11,10,4
54.529,166.212,-0.38406534753708294,1.7932573970013437,mw,0.14178939914759103,earthquake,reviewed,1906,8,1,23,17,29,2
-4.366,149.091,-0.43051682492740795,2.461462931028413,mw,0.19297218985420725,earthquake,reviewed,1906,9,17,8,38,8,0
34.021,138.834,-0.38406534753708294,1.960308780508111,mw,0.15438675042047875,earthquake,reviewed,1906,9,17,4,16,38,0
-6.252,147.216,-0.244710915366108,5.343099296520148,mw,0.40710295685125863,earthquake,reviewed,1906,9,14,16,4,43,4
34.745,142.542,-0.43051682492740795,3.8605182678975885,mw,0.2984750067646417,earthquake,reviewed,1906,9,7,18,52,28,4
0.185,128.202,-0.43051682492740795,1.8976645116930728,mw,0.1504561293082114,earthquake,reviewed,1906,10,29,1,15,53,0
-4.345,101.985,-0.012453528414483116,1.1876961317893124,mw,0.08977691586285053,earthquake,reviewed,1906,10,28,15,50,18,6
37.032,67.132,-0.244710915366108,3.4637712320690155,mw,0.2653827550312725,earthquake,reviewed,1906,10,24,14,43,18,2
41.128,45.543,-0.43051682492740795,0.2062692536870556,mw,0.022907947670223215,earthquake,reviewed,1906,10,20,16,8,49,5
19.564,120.159,-0.43051682492740795,2.962617081548715,mw,0.23076424367287043,earthquake,reviewed,1906,10,17,9,42,5,2
10.078,123.56,-0.43051682492740795,2.169123009891571,mw,0.17092682512665353,earthquake,reviewed,1906,10,11,5,10,53,3
8.825,126.695,-0.244710915366108,2.3988186622133747,mw,0.1850746406666135,earthquake,reviewed,1906,10,10,12,52,37,2
-32.175,-71.763,-0.43051682492740795,1.8976645116930728,mw,0.1504561293082114,earthquake,reviewed,1906,10,2,14,33,45,1
-6.321,147.589,-0.244710915366108,4.570486647801348,mw,0.3488402072141533,earthquake,reviewed,1906,10,2,1,51,51,1
-29.568,-72.69,-0.43051682492740795,1.8976645116930728,mw,0.1504561293082114,earthquake,reviewed,1906,11,28,9,1,35,2
-21.244,108.498,-0.4769683023177329,4.027569651404356,mw,0.31186574365259473,earthquake,reviewed,1906,11,19,7,18,24,0
-22.539,171.614,-0.244710915366108,3.693466884390821,mw,0.2827041130314929,earthquake,reviewed,1906,11,14,17,37,28,2
41.635,81.979,-0.43051682492740795,2.169123009891571,mw,0.17092682512665353,earthquake,reviewed,1906,11,12,17,32,23,0
30.188,140.788,-0.244710915366108,1.6470874364329235,mw,0.12838655993861836,earthquake,reviewed,1906,11,8,0,39,40,3
-2.349,130.16,-0.244710915366108,2.06471589519984,mw,0.15987993812083803,earthquake,reviewed,1906,11,5,19,51,58,0
-19.551,-70.607,-0.244710915366108,2.962617081548715,mw,0.22759070121260933,earthquake,reviewed,1906,12,26,5,53,20,2
58.556,-149.472,-0.43051682492740795,3.317601271500595,mw,0.2575336151277568,earthquake,reviewed,1906,12,23,17,21,32,6
51.986,-170.093,-0.244710915366108,2.357055816336684,mw,0.18192530284839104,earthquake,reviewed,1906,12,23,7,1,42,6
43.988,84.93,-0.43051682492740795,5.2386921818284184,mw,0.40240315476596533,earthquake,reviewed,1906,12,22,18,21,12,5
-19.229,-173.156,-0.244710915366108,3.7352297302675135,mw,0.28585345084971464,earthquake,reviewed,1906,12,19,1,14,38,2
-21.719,-173.904,-0.43051682492740795,2.1900044328299164,mw,0.17250149403576512,earthquake,reviewed,1906,12,18,20,59,15,1
36.54,20.619,-0.43051682492740795,0.5194905977622448,mw,0.0465279813068878,earthquake,reviewed,1906,12,15,19,20,46,5
52.888,141.72,-0.43051682492740795,1.8559016658163818,mw,0.14730679148998965,earthquake,reviewed,1907,1,19,13,8,12,5
18.667,-76.237,-0.43051682492740795,1.5844431676178854,mw,0.12683609567154683,earthquake,reviewed,1907,1,14,20,38,11,0
52.581,-168.223,-0.43051682492740795,1.8976645116930728,mw,0.1504561293082114,earthquake,reviewed,1907,1,12,7,48,30,5
37.157,119.999,-0.4769683023177329,1.5426803217411926,mw,0.12448014346839034,earthquake,reviewed,1907,1,10,5,41,3,3
-60.919,-51.954,-0.43051682492740795,2.544988622781797,mw,0.19927086549065146,earthquake,reviewed,1907,1,8,5,21,51,1
2.681,95.53,-0.337613870146758,5.760727755287064,mw,0.44018310626360885,earthquake,reviewed,1907,1,4,5,19,13,4
-19.071,-173.306,-0.291162392756433,3.881399690835934,mw,0.29766951882855675,earthquake,reviewed,1907,1,2,11,56,8,2
-6.417,148.067,-0.012453528414483116,2.8790913897953314,mw,0.21732509750083873,earthquake,reviewed,1907,2,3,19,35,54,6
34.161,22.23,-0.43051682492740795,0.6865419812690103,mw,0.05912533257977553,earthquake,reviewed,1907,2,2,9,4,48,5
14.67,123.382,-0.43051682492740795,4.173739611972778,mw,0.3220950404013063,earthquake,reviewed,1907,4,18,23,52,34,3
14.39,122.72,-0.43051682492740795,4.340790995479543,mw,0.33469239167419407,earthquake,reviewed,1907,4,18,20,59,53,3
16.606,-97.246,-0.291162392756433,4.925470837753229,mw,0.3764029642841049,earthquake,reviewed,1907,4,15,6,8,25,0
-0.856,96.651,-0.43051682492740795,1.0206447482825451,mw,0.08432003512555099,earthquake,reviewed,1907,4,12,18,30,52,4
38.521,46.387,-0.43051682492740795,-0.04430782157309543,mw,0.0040119207608919705,earthquake,reviewed,1907,4,10,9,37,35,2
18.387,122.748,-0.43051682492740795,1.5426803217411926,mw,0.12368675785332507,earthquake,reviewed,1907,5,25,15,51,17,5
51.086,150.453,4.539791255837365,4.612249493678042,mw,0.2702708266806459,earthquake,reviewed,1907,5,25,14,2,6,5
-0.595,119.791,-0.244710915366108,1.9811902034464564,mw,0.15358126248439383,earthquake,reviewed,1907,5,25,11,50,28,5
11.088,126.5,-0.4769683023177329,1.9394273575697656,mw,0.15439885274149845,earthquake,reviewed,1907,5,20,7,47,37,0
43.589,16.748,-0.43051682492740795,-0.4619362803400138,mw,-0.02748145742132771,earthquake,reviewed,1907,5,18,0,59,58,5
-9.735,149.253,-0.244710915366108,2.4405815080900677,mw,0.18822397848483524,earthquake,reviewed,1907,5,13,21,0,42,0
-3.648,144.242,-0.291162392756433,3.79787399908255,mw,0.29137084319211326,earthquake,reviewed,1907,5,7,10,16,49,1
27.998,142.222,-0.244710915366108,2.06471589519984,mw,0.15987993812083803,earthquake,reviewed,1907,5,4,8,36,32,5
-6.708,152.821,-0.337613870146758,2.4823443539667585,mw,0.19296008753318755,earthquake,reviewed,1907,5,4,5,51,1,5
-14.607,166.713,-0.291162392756433,2.3361743933983368,mw,0.18114401955434542,earthquake,reviewed,1907,6,27,22,26,19,3
26.863,141.36,-0.244710915366108,1.814138819939689,mw,0.14098391121150608,earthquake,reviewed,1907,6,26,17,18,33,2
30.643,144.024,-0.43051682492740795,1.814138819939689,mw,0.14415745367176755,earthquake,reviewed,1907,6,25,2,47,6,1
43.538,18.007,-0.43051682492740795,-0.6081062409084339,mw,-0.03850413978510421,earthquake,reviewed,1907,6,25,0,32,26,1
25.64,65.339,-0.4769683023177329,1.1041704400359287,mw,0.09141209637706013,earthquake,reviewed,1907,6,24,16,11,13,0
1.948,118.921,-0.244710915366108,1.814138819939689,mw,0.14098391121150608,earthquake,reviewed,1907,6,24,3,36,12,0
-40.055,-72.153,-0.43051682492740795,3.046142773302099,mw,0.23706291930931464,earthquake,reviewed,1907,6,13,9,18,10,3
2.094,-78.328,-0.244710915366108,2.148241586953224,mw,0.16617861375728155,earthquake,reviewed,1907,6,5,3,21,52,2
38.094,41.878,-0.43051682492740795,-0.2948848968332465,mw,-0.01488410614843998,earthquake,reviewed,1907,6,3,6,45,11,0
1.494,-79.952,-0.43051682492740795,2.461462931028413,mw,0.19297218985420725,earthquake,reviewed,1907,6,1,8,40,37,5
-1.112,120.018,-0.244710915366108,1.8767830887547272,mw,0.14570791793883908,earthquake,reviewed,1907,7,29,19,28,35,0
8.316,126.188,-0.244710915366108,3.3802455403156317,mw,0.2590840793948283,earthquake,reviewed,1907,7,20,13,38,22,5
15.152,121.796,-0.43051682492740795,2.8790913897953314,mw,0.22446556803642692,earthquake,reviewed,1907,7,9,18,54,58,1
27.747,55.512,-0.43051682492740795,1.0832890170975833,mw,0.08904404185288363,earthquake,reviewed,1907,7,4,9,18,56,3
11.663,-87.847,-0.43051682492740795,3.609941192637437,mw,0.2795789798553105,earthquake,reviewed,1907,7,1,13,8,48,0
42.532,42.047,-0.43051682492740795,0.060099293118633705,mw,0.011885265306446362,earthquake,reviewed,1907,8,29,11,40,44,3
57.0,-161.0,0.5449642002694166,2.2108858557682622,mb,0.15741506502850378,earthquake,reviewed,1907,8,22,22,24,0,3
18.604,-77.023,-0.38406534753708294,1.56356174467954,mw,0.12446804114737067,earthquake,reviewed,1907,8,22,22,23,30,3
42.775,48.965,-0.43051682492740795,0.14362498487201739,mw,0.01818394094289058,earthquake,reviewed,1907,8,21,5,11,17,2
41.412,22.334,-0.4769683023177329,-0.3575291656482847,mw,-0.018814727260707338,earthquake,reviewed,1907,8,17,12,15,43,5
-23.613,172.376,-0.244710915366108,2.1900044328299164,mw,0.1693279515755033,earthquake,reviewed,1907,8,13,21,47,34,1
42.374,22.003,-0.4769683023177329,-0.5454619720933975,mw,-0.032986747442705945,earthquake,reviewed,1907,8,13,2,20,8,1
42.942,18.439,-0.43051682492740795,-0.4410548574016665,mw,-0.02590678851221648,earthquake,reviewed,1907,8,6,15,21,28,1
-24.365,-70.966,-0.43051682492740795,2.3361743933983368,mw,0.18352417639954197,earthquake,reviewed,1907,8,5,6,39,0,0
40.32,139.048,-0.38406534753708294,1.2503404006043506,mw,0.10084800751070608,earthquake,reviewed,1907,8,5,1,55,57,0
42.999,17.943,-0.43051682492740795,0.3942020601321684,mw,0.037079967852221826,earthquake,reviewed,1907,8,1,10,6,52,3
13.836,-90.46,-0.4769683023177329,2.106478741076533,mw,0.16699620401438617,earthquake,reviewed,1907,9,23,21,40,3,0
21.845,120.286,-0.4769683023177329,1.5844431676178854,mw,0.1276294812866121,earthquake,reviewed,1907,9,22,12,7,16,6
41.471,77.902,-0.43051682492740795,1.1876961317893124,mw,0.09691738639843872,earthquake,reviewed,1907,9,15,19,13,33,6
39.31,71.614,-0.43051682492740795,1.7306131281863055,mw,0.13785877803532368,earthquake,reviewed,1907,9,15,17,45,41,6
51.505,172.814,-0.43051682492740795,4.027569651404356,mw,0.3110723580375295,earthquake,reviewed,1907,9,2,16,1,30,0
39.021,68.205,-0.43051682492740795,2.252648701644953,mw,0.17722550076309776,earthquake,reviewed,1907,10,27,5,16,13,6
38.101,15.942,-0.43051682492740795,0.8953562106524705,mw,0.07487202167088503,earthquake,reviewed,1907,10,23,20,28,8,2
39.216,67.999,-0.38406534753708294,4.173739611972778,mw,0.321301654786241,earthquake,reviewed,1907,10,21,4,23,54,0
29.379,-113.059,-0.43051682492740795,4.173739611972778,mw,0.3220950404013063,earthquake,reviewed,1907,10,16,13,57,22,2
-16.149,168.892,-0.43051682492740795,3.4637712320690155,mw,0.26855629749153365,earthquake,reviewed,1907,10,11,14,27,45,4
-9.094,153.262,-0.43051682492740795,1.6888502823096145,mw,0.13470944021710193,earthquake,reviewed,1907,10,10,21,42,41,3
10.0,-84.932,-0.43051682492740795,0.7074234042073577,mw,0.06070000148888641,earthquake,reviewed,1907,10,6,0,49,52,6
-6.769,104.039,-0.43051682492740795,2.0438344722614947,mw,0.16147881167198827,earthquake,reviewed,1907,10,4,10,27,39,4
47.832,-29.362,-0.4769683023177329,0.3942020601321684,mw,0.0378733534672871,earthquake,reviewed,1907,11,29,3,25,36,4
13.359,122.541,-0.43051682492740795,2.3988186622133747,mw,0.1882481831268746,earthquake,reviewed,1907,11,24,13,58,37,6
6.542,93.118,-0.43051682492740795,2.3152929704599914,mw,0.18194950749043037,earthquake,reviewed,1907,11,21,20,3,10,3
15.02,122.802,-0.291162392756433,2.06471589519984,mw,0.16067332373590332,earthquake,reviewed,1907,11,16,22,5,33,5
-17.51,171.007,-0.43051682492740795,2.2108858557682622,mw,0.174076162944876,earthquake,reviewed,1907,11,3,19,50,2,6
10.679,-86.49,-0.244710915366108,3.8605182678975885,mw,0.2953014643043806,earthquake,reviewed,1907,12,30,5,26,55,0
16.57,-47.687,-0.4769683023177329,0.9162376335908159,mw,0.07724007619506118,earthquake,reviewed,1907,12,24,13,23,54,1
-2.398,141.899,-0.43051682492740795,3.150549887993828,mw,0.24493626385486905,earthquake,reviewed,1907,12,15,17,34,56,6
-7.464,103.696,-0.244710915366108,1.6262060134945764,mw,0.12681189102950746,earthquake,reviewed,1907,12,5,12,36,15,3
40.492,143.33,-0.244710915366108,1.1876961317893124,mw,0.09374384393817727,earthquake,reviewed,1907,12,2,13,53,19,0
37.587,141.782,-0.244710915366108,2.8790913897953314,mw,0.22129202557616512,earthquake,reviewed,1908,1,15,12,57,21,2
22.074,121.788,-0.43051682492740795,3.7143483073291663,mw,0.2874523244008649,earthquake,reviewed,1908,1,11,3,34,36,5
29.405,100.637,-0.43051682492740795,2.8790913897953314,mw,0.22446556803642692,earthquake,reviewed,1908,2,9,18,13,17,6
16.79,-100.054,-0.337613870146758,3.6308226155757826,mw,0.2795668775342908,earthquake,reviewed,1908,3,27,3,47,23,4
16.546,-98.986,-0.337613870146758,4.215502457849468,mw,0.3236576069893975,earthquake,reviewed,1908,3,26,23,3,30,3
-9.04,125.42,-0.244710915366108,2.816447120980293,mw,0.21656801884883248,earthquake,reviewed,1908,3,23,12,23,41,0
11.343,124.647,-0.43051682492740795,3.4846526550073627,mw,0.2701309664006445,earthquake,reviewed,1908,3,5,2,17,38,3
-40.513,44.17,-0.4769683023177329,2.649395737473526,mw,0.20793759565127112,earthquake,reviewed,1908,4,22,23,44,55,2
34.987,23.884,-0.244710915366108,1.2921032464810416,mw,0.10161718848373201,earthquake,reviewed,1908,5,17,12,30,50,6
59.626,-141.795,-0.43051682492740795,2.6702771604118714,mw,0.20871887894531674,earthquake,reviewed,1908,5,15,8,31,35,4
0.513,125.487,-0.244710915366108,3.79787399908255,mw,0.290577457577048,earthquake,reviewed,1908,5,5,6,17,47,1
45.648,151.05,-0.43051682492740795,2.106478741076533,mw,0.16620281839932088,earthquake,reviewed,1908,5,3,0,48,38,6
36.911,25.852,-0.43051682492740795,0.18538783074871015,mw,0.021333278761112337,earthquake,reviewed,1908,6,23,16,1,59,1
36.768,24.697,-0.43051682492740795,0.16450640781036283,mw,0.01975860985200146,earthquake,reviewed,1908,6,23,14,41,31,1
36.656,24.224,-0.43051682492740795,0.01833644724194279,mw,0.008735927488224606,earthquake,reviewed,1908,6,23,14,14,13,1
46.198,12.735,-0.43051682492740795,-0.5872248179700884,mw,-0.03692947087599298,earthquake,reviewed,1908,7,10,6,40,3,4
46.419,13.312,-0.43051682492740795,-0.23224062801820824,mw,-0.01016009942110664,earthquake,reviewed,1908,7,10,2,13,44,4
31.209,87.679,-0.43051682492740795,3.338482694438941,mw,0.25910828403686764,earthquake,reviewed,1908,8,20,9,53,25,3
-53.96,-56.837,-0.4769683023177329,4.131976766096085,mw,0.31973908819814983,earthquake,reviewed,1908,8,17,10,38,54,0
35.267,7.631,-0.43051682492740795,0.3942020601321684,mw,0.037079967852221826,earthquake,reviewed,1908,8,4,2,10,56,1
20.643,-157.502,-0.4769683023177329,2.544988622781797,mw,0.20006425110571674,earthquake,reviewed,1908,9,21,6,35,26,0
82.635,23.622,-0.4769683023177329,2.4405815080900677,mw,0.19219090656016163,earthquake,reviewed,1908,10,14,14,56,14,2
17.012,-100.416,-0.244710915366108,2.6702771604118714,mw,0.20554533648505563,earthquake,reviewed,1908,10,13,5,6,40,1
45.599,149.844,-0.43051682492740795,3.7352297302675135,mw,0.28902699330997644,earthquake,reviewed,1908,11,6,7,9,30,4
-7.956,90.916,-0.244710915366108,2.6911585833502185,mw,0.2071200053941665,earthquake,reviewed,1908,11,2,5,15,1,0
37.965,15.487,-0.43051682492740795,3.44288980913067,mw,0.26698162858242275,earthquake,reviewed,1908,12,28,4,20,27,0
12.483,55.576,-0.4769683023177329,2.5867514686584876,mw,0.20321358892393848,earthquake,reviewed,1908,12,18,15,35,51,4
26.72,97.117,-0.43051682492740795,3.6308226155757826,mw,0.28115364876442134,earthquake,reviewed,1908,12,12,12,54,55,5
34.306,50.396,-0.43051682492740795,3.881399690835934,mw,0.3000496756737526,earthquake,reviewed,1909,1,23,2,48,29,5
38.826,26.579,-0.43051682492740795,1.166814708850967,mw,0.09534271748932785,earthquake,reviewed,1909,1,19,4,56,39,1
44.63,11.515,-0.43051682492740795,-0.23224062801820824,mw,-0.01016009942110664,earthquake,reviewed,1909,1,13,0,45,24,2
1.597,-91.44,-0.4769683023177329,2.920854235672022,mw,0.22840829146971395,earthquake,reviewed,1909,2,26,16,46,4,4
42.221,26.685,-0.43051682492740795,1.3547475152960797,mw,0.10951473767132645,earthquake,reviewed,1909,2,15,9,33,31,0
40.406,38.098,-0.43051682492740795,1.814138819939689,mw,0.14415745367176755,earthquake,reviewed,1909,2,9,11,24,5,1
37.533,143.638,-0.43051682492740795,2.3988186622133747,mw,0.1882481831268746,earthquake,reviewed,1909,3,22,20,3,42,0
-1.213,121.842,-0.244710915366108,2.7746842751036005,mw,0.2134186810306107,earthquake,reviewed,1909,3,17,22,53,10,2
35.267,142.387,-0.43051682492740795,3.4846526550073627,mw,0.2701309664006445,earthquake,reviewed,1909,3,13,14,28,59,5
35.897,141.719,-0.43051682492740795,3.317601271500595,mw,0.2575336151277568,earthquake,reviewed,1909,3,12,23,18,38,4
29.935,130.877,-0.244710915366108,2.2735301245833,mw,0.17562662721194752,earthquake,reviewed,1909,3,10,23,55,13,2
-35.516,52.676,-0.4769683023177329,2.544988622781797,mw,0.20006425110571674,earthquake,reviewed,1909,4,29,22,41,7,3
-3.315,144.171,-0.43051682492740795,3.3802455403156317,mw,0.2622576218550901,earthquake,reviewed,1909,4,27,12,42,53,1
3.117,127.123,-0.244710915366108,2.2108858557682622,mw,0.1709026204846142,earthquake,reviewed,1909,4,25,22,35,50,6
38.739,-8.978,-0.4769683023177329,1.166814708850967,mw,0.09613610310439312,earthquake,reviewed,1909,4,23,17,39,32,4
24.998,121.434,-0.43051682492740795,2.6702771604118714,mw,0.20871887894531674,earthquake,reviewed,1909,4,14,19,53,40,2
52.244,170.919,-0.244710915366108,3.2758384256239026,mw,0.2512107348492732,earthquake,reviewed,1909,4,10,19,34,51,5
78.539,129.157,-0.4769683023177329,2.649395737473526,mw,0.20793759565127112,earthquake,reviewed,1909,4,10,18,46,54,5
-14.825,166.697,-0.43051682492740795,3.192312733870519,mw,0.2480856016730908,earthquake,reviewed,1909,4,10,5,27,18,5
-7.899,129.508,-0.43051682492740795,2.6702771604118714,mw,0.20871887894531674,earthquake,reviewed,1909,5,30,21,1,15,6
-13.917,167.557,-0.43051682492740795,2.7746842751036005,mw,0.21659222349087182,earthquake,reviewed,1909,6,27,7,15,4,6
39.013,22.801,-0.43051682492740795,0.6865419812690103,mw,0.05912533257977553,earthquake,reviewed,1909,6,15,23,30,29,1
-24.426,172.348,-0.244710915366108,2.2735301245833,mw,0.17562662721194752,earthquake,reviewed,1909,6,12,20,21,10,5
43.559,5.343,-0.4769683023177329,0.3315577913171302,mw,0.03314934673995447,earthquake,reviewed,1909,6,11,21,5,27,4
-26.154,-70.502,-0.244710915366108,4.257265303726161,mw,0.3252201735774887,earthquake,reviewed,1909,6,8,5,46,37,1
-2.713,101.188,-0.244710915366108,4.466079533109619,mw,0.34096686266859894,earthquake,reviewed,1909,6,3,18,40,43,3
16.463,-99.529,-0.38406534753708294,4.299028149602852,mw,0.330749668240907,earthquake,reviewed,1909,7,30,10,51,51,4
37.957,21.629,-0.43051682492740795,0.9997633253441996,mw,0.08274536621644012,earthquake,reviewed,1909,7,15,0,35,5,3
36.324,70.357,1.2881878385146162,4.716656608369771,mw,0.3336811642807739,earthquake,reviewed,1909,7,7,21,37,51,2
35.507,139.948,-0.43051682492740795,0.6865419812690103,mw,0.05912533257977553,earthquake,reviewed,1909,7,2,20,54,25,4
26.131,127.89,-0.244710915366108,1.6679688593712692,mw,0.12996122884772923,earthquake,reviewed,1909,8,29,10,29,19,6
43.316,11.189,-0.43051682492740795,-0.6081062409084339,mw,-0.03850413978510421,earthquake,reviewed,1909,8,25,0,29,55,2
43.39,11.541,-0.43051682492740795,-0.10695209038813365,mw,-0.00071208596644137,earthquake,reviewed,1909,8,25,0,22,13,2
-21.443,170.004,-0.43051682492740795,2.565870045720142,mw,0.20084553439976233,earthquake,reviewed,1909,8,18,0,39,29,2
10.414,-90.012,-0.42122652944934297,3.1714313109321735,mw,0.24635225564096716,earthquake,reviewed,1909,8,16,6,59,3,0
35.773,136.557,-0.43051682492740795,3.0670241962404443,mw,0.23863758821842554,earthquake,reviewed,1909,8,14,6,30,54,5
42.113,142.362,-0.244710915366108,2.357055816336684,mw,0.18192530284839104,earthquake,reviewed,1909,9,16,19,38,51,3
28.984,129.398,-0.43051682492740795,0.6447791353923195,mw,0.05597599476155377,earthquake,reviewed,1909,9,10,18,8,48,4
52.132,-168.354,-0.337613870146758,2.252648701644953,mw,0.1756387295329672,earthquake,reviewed,1909,9,8,16,49,39,2
39.007,31.796,-0.43051682492740795,0.9371190565291614,mw,0.07802135948910678,earthquake,reviewed,1909,10,29,16,3,54,4
28.668,67.404,-0.43051682492740795,3.589059769699092,mw,0.2780043109461996,earthquake,reviewed,1909,10,20,23,41,39,2
45.464,16.09,-0.43051682492740795,1.0832890170975833,mw,0.08904404185288363,earthquake,reviewed,1909,10,8,9,59,11,4
24.014,121.735,-0.244710915366108,2.8582099668569843,mw,0.21971735666705422,earthquake,reviewed,1909,11,21,7,35,59,6
12.408,144.951,-0.43051682492740795,3.2758384256239026,mw,0.254384277309535,earthquake,reviewed,1909,12,9,23,28,45,3
-9.986,160.485,-0.244710915366108,3.338482694438941,mw,0.25593474157660656,earthquake,reviewed,1909,12,9,15,34,8,3
-24.311,170.872,-0.337613870146758,2.7329214292269097,mw,0.2118561144425195,earthquake,reviewed,1910,1,30,3,45,48,6
11.583,-59.474,-0.4769683023177329,2.2735301245833,mw,0.17959355528727391,earthquake,reviewed,1910,1,23,18,49,23,6
66.758,-17.413,-0.4769683023177329,3.213194156808866,mw,0.25045365619726767,earthquake,reviewed,1910,1,22,8,48,25,5
34.066,122.011,-0.38406534753708294,2.3988186622133747,mw,0.18745479751180932,earthquake,reviewed,1910,1,8,14,49,24,5
17.068,-84.191,-0.43051682492740795,2.899972812733677,mw,0.2260402369455378,earthquake,reviewed,1910,1,1,11,1,58,5
41.878,23.026,-0.4769683023177329,-0.1278335133264791,mw,-0.0014933692604869714,earthquake,reviewed,1910,2,23,7,52,16,2
35.809,23.992,-0.012453528414483116,0.8535933647757777,mw,0.06458221331707506,earthquake,reviewed,1910,2,18,5,9,12,4
-17.339,168.308,-0.43051682492740795,3.046142773302099,mw,0.23706291930931464,earthquake,reviewed,1910,2,4,14,0,0,4
25.967,124.304,1.613348180246891,5.551913525903606,mw,0.39111422133975493,earthquake,reviewed,1910,4,12,0,22,24,1
43.418,150.109,-0.43051682492740795,3.5681783467607464,mw,0.27642964203708803,earthquake,reviewed,1910,5,22,6,24,2,6
57.0,-160.0,0.3591582907081167,2.7329214292269097,mb,0.19995533021653894,earthquake,reviewed,1910,5,13,7,58,6,4
52.76,-159.744,-0.43051682492740795,2.4823443539667585,mw,0.19454685876331812,earthquake,reviewed,1910,5,13,7,57,42,4
9.801,-83.87,-0.43051682492740795,1.4382732070494635,mw,0.11581341330776997,earthquake,reviewed,1910,5,5,0,27,38,3
-19.858,168.675,-0.43051682492740795,2.8582099668569843,mw,0.22289089912731533,earthquake,reviewed,1910,5,1,18,30,37,6
-31.0,-177.5,-0.244710915366108,2.4823443539667585,mw,0.191373316303057,earthquake,reviewed,1910,6,29,14,17,45,2
-30.907,-177.099,-0.244710915366108,3.4637712320690155,mw,0.2653827550312725,earthquake,reviewed,1910,6,29,10,45,14,2
40.805,34.629,-0.43051682492740795,2.2317672787066076,mw,0.17565083185398686,earthquake,reviewed,1910,6,25,19,20,46,5
35.888,3.754,-0.43051682492740795,2.1273601640148785,mw,0.16777748730843178,earthquake,reviewed,1910,6,24,13,26,59,4
22.505,120.673,-0.244710915366108,1.7723759740629983,mw,0.13783457339328434,earthquake,reviewed,1910,6,17,5,28,7,4
36.016,-4.951,-0.43051682492740795,0.8327119418374322,mw,0.07014801494355238,earthquake,reviewed,1910,6,16,16,27,2,3
-19.601,169.547,0.3591582907081167,5.008996529506613,mw,0.37159424130963387,earthquake,reviewed,1910,6,16,6,30,42,3
36.185,-3.194,-0.43051682492740795,2.0438344722614947,mw,0.16147881167198827,earthquake,reviewed,1910,6,16,4,16,21,3
28.054,142.432,-0.43051682492740795,2.002071626384804,mw,0.1583294738537665,earthquake,reviewed,1910,6,9,11,47,57,3
40.899,15.391,-0.43051682492740795,1.0206447482825451,mw,0.08432003512555099,earthquake,reviewed,1910,6,7,2,4,11,1
-20.636,169.613,-0.244710915366108,2.6911585833502185,mw,0.2071200053941665,earthquake,reviewed,1910,6,1,6,48,14,2
-20.385,169.346,-0.244710915366108,2.8582099668569843,mw,0.21971735666705422,earthquake,reviewed,1910,6,1,5,55,37,2
-5.297,142.437,-0.43051682492740795,2.3779372392750293,mw,0.18667351421776374,earthquake,reviewed,1910,7,29,10,26,38,4
37.569,77.181,-0.43051682492740795,1.4591546299878089,mw,0.11738808221688085,earthquake,reviewed,1910,7,12,7,36,1,1
-9.632,111.653,-0.244710915366108,2.649395737473526,mw,0.20397066757594473,earthquake,reviewed,1910,7,7,8,16,42,3
34.902,25.717,-0.43051682492740795,0.24803209956374653,mw,0.026057285488445325,earthquake,reviewed,1910,8,21,16,11,29,6
42.766,-127.376,-0.43051682492740795,2.1900044328299164,mw,0.17250149403576512,earthquake,reviewed,1910,8,5,1,31,46,4
16.357,-98.005,-0.38406534753708294,2.2317672787066076,mw,0.1748574462389216,earthquake,reviewed,1910,9,24,3,32,33,5
50.978,-176.351,-0.244710915366108,3.296719848562248,mw,0.2527854037583841,earthquake,reviewed,1910,9,9,1,13,16,4
44.236,140.551,-0.43051682492740795,1.1459332859126214,mw,0.09376804858021696,earthquake,reviewed,1910,9,8,2,48,45,3
-6.452,150.886,-0.43051682492740795,2.565870045720142,mw,0.20084553439976233,earthquake,reviewed,1910,9,7,7,11,10,2
-27.421,-70.699,-0.244710915366108,3.004379927425406,mw,0.23074003903083107,earthquake,reviewed,1910,9,6,20,3,1,1
25.376,121.964,-0.43051682492740795,2.837328543918639,mw,0.22131623021820446,earthquake,reviewed,1910,9,1,14,21,12,3
20.741,121.617,-0.43051682492740795,3.234075579747212,mw,0.25123493949131326,earthquake,reviewed,1910,9,1,0,44,29,3
25.214,125.681,-0.43051682492740795,2.7329214292269097,mw,0.21344288567265007,earthquake,reviewed,1910,11,29,2,26,34,1
-14.532,167.057,-0.244710915366108,3.6308226155757826,mw,0.27798010630415954,earthquake,reviewed,1910,11,26,4,41,19,5
35.433,-16.686,-0.4769683023177329,0.10186213899532646,mw,0.0158279887397341,earthquake,reviewed,1910,11,25,1,34,51,4
-59.11,-23.942,-0.43051682492740795,3.7143483073291663,mw,0.2874523244008649,earthquake,reviewed,1910,11,15,14,21,32,1
22.762,121.81,-0.43051682492740795,3.0252613503637513,mw,0.23548825040020308,earthquake,reviewed,1910,11,14,7,34,17,0
-14.351,167.263,-0.244710915366108,2.544988622781797,mw,0.19609732303038965,earthquake,reviewed,1910,11,10,12,19,56,3
-16.273,167.013,-0.38406534753708294,4.111095343157739,mw,0.3165776480589084,earthquake,reviewed,1910,11,9,6,1,59,2
50.958,-130.036,-0.43051682492740795,2.2108858557682622,mw,0.174076162944876,earthquake,reviewed,1910,11,6,20,30,57,6
4.841,125.537,-0.244710915366108,2.2108858557682622,mw,0.1709026204846142,earthquake,reviewed,1910,12,18,2,45,6,6
4.668,126.017,-0.43051682492740795,4.528723801924658,mw,0.34886441185619266,earthquake,reviewed,1910,12,16,14,44,55,4
-7.018,30.138,-0.43051682492740795,3.046142773302099,mw,0.23706291930931464,earthquake,reviewed,1910,12,13,11,37,36,1
-10.68,162.292,-0.244710915366108,4.215502457849468,mw,0.322070835759267,earthquake,reviewed,1910,12,10,9,26,46,5
-22.831,170.319,-0.43051682492740795,2.461462931028413,mw,0.19297218985420725,earthquake,reviewed,1910,12,4,11,3,6,6
42.919,76.808,-0.38406534753708294,5.384862142396838,mw,0.4126324515146769,earthquake,reviewed,1911,1,3,23,25,49,1
36.817,66.673,-0.244710915366108,2.002071626384804,mw,0.1551559313935047,earthquake,reviewed,1911,1,1,14,59,17,6
36.821,66.431,-0.244710915366108,2.753802852165255,mw,0.21184401212149984,earthquake,reviewed,1911,1,1,10,17,58,6
26.184,127.853,-0.244710915366108,3.234075579747212,mw,0.24806139703105146,earthquake,reviewed,1911,2,23,11,14,4,3
44.228,12.026,-0.43051682492740795,0.22715067662540106,mw,0.024482616579334093,earthquake,reviewed,1911,2,19,7,18,5,6
40.765,20.892,-0.43051682492740795,2.41970008515172,mw,0.18982285203598548,earthquake,reviewed,1911,2,18,21,35,13,5
38.289,72.596,-0.43051682492740795,3.7352297302675135,mw,0.28902699330997644,earthquake,reviewed,1911,2,18,18,41,9,5
24.04,121.189,-0.43051682492740795,1.3338660923577343,mw,0.10794006876221558,earthquake,reviewed,1911,3,24,3,18,54,4
44.198,11.969,-0.43051682492740795,-0.3784105885866301,mw,-0.021182781784883493,earthquake,reviewed,1911,3,20,15,47,13,0
30.296,56.871,-0.43051682492740795,1.0206447482825451,mw,0.08432003512555099,earthquake,reviewed,1911,4,29,5,28,46,5
-9.207,-71.267,4.6326942106180145,4.048451074342701,mw,0.2261679949045188,earthquake,reviewed,1911,4,28,9,52,14,4
31.017,56.95,-0.43051682492740795,2.2108858557682622,mw,0.174076162944876,earthquake,reviewed,1911,4,18,18,14,28,1
7.541,-74.416,0.08044942636616685,1.960308780508111,mw,0.1464528942698253,earthquake,reviewed,1911,4,10,18,42,16,0
36.525,25.738,-0.43051682492740795,1.312984669419389,mw,0.1063653998531047,earthquake,reviewed,1911,4,4,15,43,48,1
29.141,128.803,0.8236730646113666,5.134285067136689,mw,0.37310839861364636,earthquake,reviewed,1911,6,15,14,25,58,3
18.362,-102.471,-0.291162392756433,4.50784237898631,mw,0.34490958610188593,earthquake,reviewed,1911,6,7,11,2,49,2
8.488,127.029,-0.43051682492740795,4.716656608369771,mw,0.36303643203819125,earthquake,reviewed,1911,7,12,4,7,38,2
46.723,20.4,-0.43051682492740795,0.6447791353923195,mw,0.05597599476155377,earthquake,reviewed,1911,7,8,1,1,57,5
37.111,-121.637,-0.4769683023177329,2.106478741076533,mw,0.16699620401438617,earthquake,reviewed,1911,7,1,21,59,58,5
18.76,-98.767,-0.0589050058048081,1.5009174758645016,mw,0.11419033511458039,earthquake,reviewed,1911,8,27,10,59,12,6
7.273,137.021,-0.43051682492740795,4.988115106568267,mw,0.3835071278566341,earthquake,reviewed,1911,8,16,22,41,17,2
60.888,-148.246,-0.337613870146758,1.7514945511246527,mw,0.137846675714304,earthquake,reviewed,1911,9,22,5,1,23,4
50.124,-175.273,-0.43051682492740795,2.9834985044870606,mw,0.2323389125819813,earthquake,reviewed,1911,9,17,3,26,15,6
-20.18,-71.292,-0.43051682492740795,3.0879056191787897,mw,0.2402122571275364,earthquake,reviewed,1911,9,15,13,9,56,4
43.526,11.211,-0.43051682492740795,-0.5663433950317429,mw,-0.0353548019668821,earthquake,reviewed,1911,9,13,22,29,21,2
56.198,-156.274,-0.244710915366108,1.417391784111118,mw,0.11106520193839799,earthquake,reviewed,1911,9,13,3,4,12,2
-23.383,172.216,-0.244710915366108,1.312984669419389,mw,0.10319185739284288,earthquake,reviewed,1911,9,12,12,53,17,1
50.903,156.859,0.1733523811468168,2.169123009891571,mw,0.16061281213080494,earthquake,reviewed,1911,9,8,22,44,4,4
5.316,-102.721,-0.4769683023177329,2.3361743933983368,mw,0.18431756201460725,earthquake,reviewed,1911,10,29,18,8,49,6
-12.017,166.199,-0.244710915366108,2.461462931028413,mw,0.18979864739394614,earthquake,reviewed,1911,10,20,17,43,52,4
30.993,80.336,-0.38406534753708294,2.3152929704599914,mw,0.18115612187536512,earthquake,reviewed,1911,10,14,23,24,0,5
43.391,146.181,-0.244710915366108,3.0670241962404443,mw,0.2354640457581637,earthquake,reviewed,1911,10,13,2,33,12,4
17.33,-70.736,-0.244710915366108,2.6076328915968348,mw,0.200821329757723,earthquake,reviewed,1911,10,6,10,16,11,4
48.304,9.049,-0.43051682492740795,1.0206447482825451,mw,0.08432003512555099,earthquake,reviewed,1911,11,16,21,25,51,3
51.736,173.75,-0.38406534753708294,2.941735658610368,mw,0.22839618914869428,earthquake,reviewed,1911,11,13,16,13,13,0
35.548,141.381,-0.43051682492740795,2.3152929704599914,mw,0.18194950749043037,earthquake,reviewed,1911,11,8,14,11,44,2
16.932,-100.665,-0.291162392756433,4.319909572541198,mw,0.3307375659198866,earthquake,reviewed,1911,12,16,19,14,27,5
37.928,21.013,-0.43051682492740795,2.002071626384804,mw,0.1583294738537665,earthquake,reviewed,1912,1,24,16,23,14,2
51.273,-177.928,-0.244710915366108,2.7746842751036005,mw,0.2134186810306107,earthquake,reviewed,1912,1,4,15,46,57,3
-28.633,27.846,-0.43051682492740795,1.3965103611727725,mw,0.11266407548954821,earthquake,reviewed,1912,2,20,13,3,6,1
40.904,21.11,-0.43051682492740795,1.1041704400359287,mw,0.0906187107619945,earthquake,reviewed,1912,2,13,8,3,50,1
51.076,-130.514,-0.43051682492740795,2.2108858557682622,mw,0.174076162944876,earthquake,reviewed,1912,3,11,10,17,31,0
37.817,20.662,-0.43051682492740795,-0.10695209038813365,mw,-0.00071208596644137,earthquake,reviewed,1912,4,21,2,53,37,6
81.279,104.958,-0.4769683023177329,0.3942020601321684,mw,0.0378733534672871,earthquake,reviewed,1912,4,13,2,39,39,5
21.031,96.859,-0.43051682492740795,5.092522221259996,mw,0.3913804724021885,earthquake,reviewed,1912,5,23,2,24,3,3
56.712,159.105,-0.43051682492740795,0.7491862500840486,mw,0.06384933930710816,earthquake,reviewed,1912,5,13,19,35,52,0
-6.409,70.783,-0.4769683023177329,1.6262060134945764,mw,0.13077881910483422,earthquake,reviewed,1912,5,11,17,26,40,5
64.044,-19.633,-0.43051682492740795,2.8582099668569843,mw,0.22289089912731533,earthquake,reviewed,1912,5,6,18,59,57,0
15.155,-89.104,-0.43051682492740795,2.6285143145351806,mw,0.20556954112709497,earthquake,reviewed,1912,6,12,12,43,26,2
58.548,-154.868,-0.43051682492740795,2.7329214292269097,mw,0.21344288567265007,earthquake,reviewed,1912,6,10,16,6,11,0
42.217,140.708,-0.43051682492740795,1.5844431676178854,mw,0.12683609567154683,earthquake,reviewed,1912,6,8,4,41,23,5
58.791,-154.984,-0.43051682492740795,1.814138819939689,mw,0.14415745367176755,earthquake,reviewed,1912,6,7,9,55,57,4
35.808,72.982,-0.244710915366108,1.1459332859126214,mw,0.09059450611995516,earthquake,reviewed,1912,6,1,0,30,41,5
-4.896,-80.491,-0.244710915366108,2.837328543918639,mw,0.21814268775794335,earthquake,reviewed,1912,7,24,11,59,18,2
-30.434,-111.516,-0.4769683023177329,1.7723759740629983,mw,0.1418015014686107,earthquake,reviewed,1912,7,18,21,16,8,3
3.156,32.347,-0.4769683023177329,1.3756289382344253,mw,0.11188279219550261,earthquake,reviewed,1912,7,9,8,18,14,1
63.604,-148.03,-0.4769683023177329,3.8187554220208955,mw,0.29611905456148524,earthquake,reviewed,1912,7,7,7,57,39,6
3.568,125.973,-0.244710915366108,4.278146726664507,mw,0.32679484248659957,earthquake,reviewed,1912,8,17,19,11,56,5
40.969,27.703,-0.4769683023177329,0.28979494544043927,mw,0.03000000892173271,earthquake,reviewed,1912,8,10,18,30,17,5
40.396,27.402,-0.4769683023177329,1.6470874364329235,mw,0.13235348801394545,earthquake,reviewed,1912,8,10,9,23,48,5
43.944,45.852,-0.43051682492740795,-0.19047778214151734,mw,-0.0070107616028848825,earthquake,reviewed,1912,8,10,1,17,28,5
40.73,27.121,-0.43051682492740795,3.7352297302675135,mw,0.28902699330997644,earthquake,reviewed,1912,8,9,1,29,2,4
7.301,136.855,-0.43051682492740795,4.591368070739694,mw,0.3535884185835253,earthquake,reviewed,1912,9,29,20,51,23,6
41.425,21.866,-0.4769683023177329,0.01833644724194279,mw,0.009529313103289881,earthquake,reviewed,1912,9,16,21,4,13,0
40.685,27.2,-0.43051682492740795,2.6702771604118714,mw,0.20871887894531674,earthquake,reviewed,1912,9,13,23,31,26,4
4.151,96.374,0.12690090375649182,1.8976645116930728,mw,0.14093550192742738,earthquake,reviewed,1912,9,11,0,47,48,2
52.79,173.275,-0.38406534753708294,2.649395737473526,mw,0.20635082442114058,earthquake,reviewed,1912,10,18,11,54,44,4
41.008,44.349,-0.43051682492740795,0.7283048271457031,mw,0.062274670397997285,earthquake,reviewed,1912,10,12,19,48,47,5
19.561,-99.884,-0.43051682492740795,2.6911585833502185,mw,0.2102935478544283,earthquake,reviewed,1912,11,19,13,55,3,1
12.688,124.002,-0.43051682492740795,1.5844431676178854,mw,0.12683609567154683,earthquake,reviewed,1912,11,8,7,53,23,4
57.592,-154.389,-0.244710915366108,3.4220083861923243,mw,0.26223341721305077,earthquake,reviewed,1912,11,7,7,40,21,3
23.699,121.028,-0.337613870146758,1.7306131281863055,mw,0.13627200680519314,earthquake,reviewed,1912,11,3,6,4,34,6
24.263,123.335,-0.244710915366108,2.4405815080900677,mw,0.18822397848483524,earthquake,reviewed,1912,12,24,18,7,26,1
-0.676,122.745,-0.244710915366108,2.565870045720142,mw,0.19767199193950052,earthquake,reviewed,1912,12,23,23,56,12,0
14.6,-92.71,-0.10535648319513308,3.046142773302099,mw,0.231509220003857,earthquake,reviewed,1912,12,9,8,32,23,0
40.129,143.01,-0.43051682492740795,2.6285143145351806,mw,0.20556954112709497,earthquake,reviewed,1912,12,8,23,49,11,6
56.827,-154.158,-0.244710915366108,1.312984669419389,mw,0.10319185739284288,earthquake,reviewed,1912,12,5,12,27,25,3
38.822,42.387,-0.43051682492740795,0.5821348665772812,mw,0.05125198803422044,earthquake,reviewed,1913,1,27,19,38,38,0
47.086,151.477,-0.43051682492740795,2.2735301245833,mw,0.17880016967220863,earthquake,reviewed,1913,1,19,23,47,47,6
1.698,85.93,-0.4769683023177329,2.7746842751036005,mw,0.2173856091059371,earthquake,reviewed,1913,1,19,17,5,33,6
11.832,-89.243,-0.43051682492740795,2.002071626384804,mw,0.1583294738537665,earthquake,reviewed,1913,1,15,18,52,19,2
1.373,121.928,-0.244710915366108,3.4846526550073627,mw,0.2669574239403834,earthquake,reviewed,1913,1,11,13,16,58,5
20.933,121.1,-0.244710915366108,2.4405815080900677,mw,0.18822397848483524,earthquake,reviewed,1913,1,9,2,55,5,3
22.734,121.029,-0.43051682492740795,1.5844431676178854,mw,0.12683609567154683,earthquake,reviewed,1913,1,8,19,16,50,2
24.106,122.457,-0.244710915366108,2.544988622781797,mw,0.19609732303038965,earthquake,reviewed,1913,1,7,22,51,16,1
30.747,132.256,-0.43051682492740795,2.6285143145351806,mw,0.20556954112709497,earthquake,reviewed,1913,1,5,17,21,1,6
14.69,39.38,-0.4769683023177329,0.9997633253441996,mw,0.08353875183150539,earthquake,reviewed,1913,2,27,16,22,57,3
-14.469,166.4,-0.43051682492740795,0.4359649060088612,mw,0.040229305670443936,earthquake,reviewed,1913,2,25,14,18,8,1
42.522,141.947,-0.43051682492740795,2.920854235672022,mw,0.22761490585464866,earthquake,reviewed,1913,2,20,8,59,6,3
-9.369,161.512,-0.244710915366108,1.70973170524796,mw,0.13311056666595134,earthquake,reviewed,1913,2,14,18,51,59,4
12.488,139.438,-0.244710915366108,2.2108858557682622,mw,0.1709026204846142,earthquake,reviewed,1913,2,7,3,2,41,4
15.573,38.973,-0.4769683023177329,0.9162376335908159,mw,0.07724007619506118,earthquake,reviewed,1913,3,27,3,13,3,3
1.928,126.719,0.08044942636616685,1.6053245905562308,mw,0.11968352281493895,earthquake,reviewed,1913,3,26,21,35,49,2
27.007,53.726,-0.43051682492740795,1.1876961317893124,mw,0.09691738639843872,earthquake,reviewed,1913,3,24,10,34,20,0
63.529,143.705,-0.4769683023177329,1.7932573970013437,mw,0.14337617037772193,earthquake,reviewed,1913,3,18,1,21,9,1
5.544,125.891,-0.43051682492740795,5.092522221259996,mw,0.3913804724021885,earthquake,reviewed,1913,3,14,8,45,5,4
30.201,81.929,-0.43051682492740795,2.2108858557682622,mw,0.174076162944876,earthquake,reviewed,1913,3,6,11,4,0,3
32.811,87.368,-0.43051682492740795,1.814138819939689,mw,0.14415745367176755,earthquake,reviewed,1913,3,6,2,8,52,3
29.296,128.598,-0.38406534753708294,1.3756289382344253,mw,0.11029602096537205,earthquake,reviewed,1913,3,3,20,2,0,0
51.458,173.004,-0.43051682492740795,1.6470874364329235,mw,0.1315601023988798,earthquake,reviewed,1913,4,29,23,29,10,1
9.734,127.012,-0.43051682492740795,1.6053245905562308,mw,0.1284107645806577,earthquake,reviewed,1913,4,29,3,8,22,1
9.275,125.291,-0.43051682492740795,1.8559016658163818,mw,0.14730679148998965,earthquake,reviewed,1913,4,28,18,39,26,0
8.698,127.845,-0.43051682492740795,2.106478741076533,mw,0.16620281839932088,earthquake,reviewed,1913,4,26,4,21,5,5
9.337,126.265,-0.244710915366108,1.6470874364329235,mw,0.12838655993861836,earthquake,reviewed,1913,4,26,4,6,12,5
9.265,126.843,-0.43051682492740795,3.65170403851413,mw,0.28272831767353224,earthquake,reviewed,1913,4,25,17,56,33,4
9.737,126.309,-0.43051682492740795,2.06471589519984,mw,0.16305348058109914,earthquake,reviewed,1913,4,24,12,15,27,3
9.895,125.813,-0.43051682492740795,2.4823443539667585,mw,0.19454685876331812,earthquake,reviewed,1913,4,24,10,15,25,3
41.915,45.123,-0.43051682492740795,0.6447791353923195,mw,0.05597599476155377,earthquake,reviewed,1913,4,20,3,13,41,6
9.459,126.515,-0.43051682492740795,2.461462931028413,mw,0.19297218985420725,earthquake,reviewed,1913,4,18,19,2,33,4
8.21,125.725,-0.43051682492740795,1.7306131281863055,mw,0.13785877803532368,earthquake,reviewed,1913,4,18,13,13,21,4
23.827,122.073,-0.43051682492740795,1.8767830887547272,mw,0.14888146039910052,earthquake,reviewed,1913,4,14,7,48,23,0
32.033,131.795,-0.244710915366108,3.693466884390821,mw,0.2827041130314929,earthquake,reviewed,1913,4,13,6,40,28,6
28.785,140.485,0.1733523811468168,1.5217988988028472,mw,0.11179807594836488,earthquake,reviewed,1913,4,8,2,20,35,1
28.652,142.262,-0.43051682492740795,2.2317672787066076,mw,0.17565083185398686,earthquake,reviewed,1913,4,7,13,47,10,0
26.109,121.443,-0.43051682492740795,1.3547475152960797,mw,0.10951473767132645,earthquake,reviewed,1913,4,4,13,34,48,4
32.448,133.859,-0.43051682492740795,1.8976645116930728,mw,0.1504561293082114,earthquake,reviewed,1913,4,2,23,52,39,2
-4.789,151.512,-0.43051682492740795,4.00668822846601,mw,0.3094976891284186,earthquake,reviewed,1913,5,30,11,47,12,4
24.329,122.941,-0.244710915366108,1.960308780508111,mw,0.15200659357528293,earthquake,reviewed,1913,5,29,13,29,25,3
-25.619,-72.245,-0.43051682492740795,3.0252613503637513,mw,0.23548825040020308,earthquake,reviewed,1913,5,24,23,24,54,5
-6.511,153.1,-0.43051682492740795,1.814138819939689,mw,0.14415745367176755,earthquake,reviewed,1913,5,21,13,48,36,2
14.257,147.09,-0.43051682492740795,3.338482694438941,mw,0.25910828403686764,earthquake,reviewed,1913,5,18,2,8,55,6
39.474,16.211,-0.43051682492740795,0.5194905977622448,mw,0.0465279813068878,earthquake,reviewed,1913,6,28,8,52,50,5
-20.68,-173.808,-0.337613870146758,4.904589414814883,mw,0.3756216809900593,earthquake,reviewed,1913,6,26,4,57,18,3
50.076,-178.773,-0.43051682492740795,2.941735658610368,mw,0.22918957476375956,earthquake,reviewed,1913,6,22,13,50,6,6
43.152,25.759,-0.43051682492740795,2.6076328915968348,mw,0.2039948722179841,earthquake,reviewed,1913,6,14,9,33,28,5
15.804,-95.322,-0.244710915366108,1.8976645116930728,mw,0.14728258684794995,earthquake,reviewed,1913,6,14,8,37,4,5
-2.866,144.025,-0.43051682492740795,2.7329214292269097,mw,0.21344288567265007,earthquake,reviewed,1913,6,4,9,57,28,2
-17.167,-74.984,-0.43051682492740795,2.712040006288564,mw,0.21186821676353917,earthquake,reviewed,1913,7,28,5,39,19,0
66.974,-17.676,-0.43051682492740795,1.0415261712208923,mw,0.08589470403466187,earthquake,reviewed,1913,7,26,20,51,14,5
12.471,-80.815,-0.43051682492740795,1.4800360529261563,mw,0.11896275112599208,earthquake,reviewed,1913,7,25,12,38,8,4
-5.179,151.682,-0.244710915366108,2.2317672787066076,mw,0.17247728939372506,earthquake,reviewed,1913,7,22,6,34,33,1
48.308,8.651,-0.43051682492740795,0.18538783074871015,mw,0.021333278761112337,earthquake,reviewed,1913,7,20,12,6,17,6
26.752,142.791,-0.43051682492740795,2.357055816336684,mw,0.18509884530865284,earthquake,reviewed,1913,7,12,10,23,52,5
-1.377,128.168,-0.244710915366108,2.2108858557682622,mw,0.1709026204846142,earthquake,reviewed,1913,7,6,16,12,49,6
26.843,142.612,-0.244710915366108,1.960308780508111,mw,0.15200659357528293,earthquake,reviewed,1913,8,15,19,3,9,4
-6.746,105.213,-0.244710915366108,2.4823443539667585,mw,0.191373316303057,earthquake,reviewed,1913,8,13,4,25,42,2
-16.534,-73.738,-0.337613870146758,4.7793008771848084,mw,0.36617366753539404,earthquake,reviewed,1913,8,6,22,14,36,2
48.108,156.059,-0.43051682492740795,3.317601271500595,mw,0.2575336151277568,earthquake,reviewed,1913,8,1,17,11,3,4
4.423,35.981,-0.4769683023177329,1.2921032464810416,mw,0.10558411655905875,earthquake,reviewed,1913,9,16,11,56,31,1
-5.31,153.489,-0.244710915366108,2.8790913897953314,mw,0.22129202557616512,earthquake,reviewed,1913,9,3,20,51,27,2
0.089,97.208,-0.337613870146758,1.6053245905562308,mw,0.12682399335052716,earthquake,reviewed,1913,10,29,4,32,11,2
10.065,-86.625,-0.43051682492740795,1.4800360529261563,mw,0.11896275112599208,earthquake,reviewed,1913,10,23,15,0,10,3
39.408,143.344,-0.43051682492740795,2.0855973181381873,mw,0.16462814949021,earthquake,reviewed,1913,10,12,17,3,48,6
39.854,143.255,-0.43051682492740795,3.192312733870519,mw,0.2480856016730908,earthquake,reviewed,1913,10,11,9,9,56,5
-6.904,146.249,-0.43051682492740795,3.192312733870519,mw,0.2480856016730908,earthquake,reviewed,1913,10,11,4,6,16,5
-6.763,147.381,-0.244710915366108,2.753802852165255,mw,0.21184401212149984,earthquake,reviewed,1913,10,11,1,34,24,5
41.61,14.588,-0.43051682492740795,-0.0025449756964026644,mw,0.007161258579113727,earthquake,reviewed,1913,10,4,18,26,1,5
7.575,-79.838,-0.43051682492740795,2.4823443539667585,mw,0.19454685876331812,earthquake,reviewed,1913,10,2,4,23,37,3
52.139,159.46,-0.244710915366108,1.8976645116930728,mw,0.14728258684794995,earthquake,reviewed,1913,11,23,21,18,9,6
-2.39,122.512,-0.244710915366108,2.816447120980293,mw,0.21656801884883248,earthquake,reviewed,1913,11,19,3,20,25,2
-23.586,171.945,-0.244710915366108,1.91854593463142,mw,0.14885725575706119,earthquake,reviewed,1913,11,15,5,26,45,5
-17.007,168.02,-0.43051682492740795,2.941735658610368,mw,0.22918957476375956,earthquake,reviewed,1913,11,10,21,12,28,0
34.832,-35.25,-0.4769683023177329,0.7491862500840486,mw,0.0646427249221738,earthquake,reviewed,1913,12,25,6,48,40,3
24.264,102.23,-0.43051682492740795,2.8790913897953314,mw,0.22446556803642692,earthquake,reviewed,1913,12,21,15,37,56,6
23.469,122.95,-0.43051682492740795,1.814138819939689,mw,0.14415745367176755,earthquake,reviewed,1913,12,15,17,43,23,0
-34.951,-69.989,-0.43051682492740795,2.2735301245833,mw,0.17880016967220863,earthquake,reviewed,1914,1,30,7,35,45,4
-34.763,-73.309,-0.43051682492740795,4.695775185431425,mw,0.3614617631290804,earthquake,reviewed,1914,1,30,3,36,6,4
52.47,158.688,-0.244710915366108,2.816447120980293,mw,0.21656801884883248,earthquake,reviewed,1914,1,20,12,0,23,1
31.807,130.686,-0.43051682492740795,2.837328543918639,mw,0.22131623021820446,earthquake,reviewed,1914,1,12,9,28,12,0
43.897,148.485,-0.43051682492740795,1.6679688593712692,mw,0.13313477130799103,earthquake,reviewed,1914,2,7,6,49,41,5
28.723,64.467,-0.244710915366108,0.8118305188990869,mw,0.06539980357418004,earthquake,reviewed,1914,2,6,11,42,14,4
14.608,-93.976,-0.43051682492740795,3.6725854614524756,mw,0.28430298658264314,earthquake,reviewed,1914,3,30,0,41,4,0
25.438,96.356,-0.43051682492740795,2.148241586953224,mw,0.16935215621754265,earthquake,reviewed,1914,3,28,10,44,47,5
53.772,162.792,-0.244710915366108,1.9811902034464564,mw,0.15358126248439383,earthquake,reviewed,1914,3,27,0,55,51,4
55.433,161.793,-0.244710915366108,2.4823443539667585,mw,0.191373316303057,earthquake,reviewed,1914,3,18,6,17,39,2
54.426,162.856,-0.43051682492740795,2.4823443539667585,mw,0.19454685876331812,earthquake,reviewed,1914,3,18,4,20,15,2
39.284,140.698,-0.43051682492740795,3.338482694438941,mw,0.25910828403686764,earthquake,reviewed,1914,3,14,20,0,6,5
55.492,162.389,-0.244710915366108,2.41970008515172,mw,0.18664930957572437,earthquake,reviewed,1914,3,6,19,5,33,4
39.321,-119.929,-0.43051682492740795,0.9162376335908159,mw,0.0764466905799959,earthquake,reviewed,1914,4,24,8,34,2,4
4.72,-78.684,-0.43051682492740795,2.2735301245833,mw,0.17880016967220863,earthquake,reviewed,1914,4,20,13,29,57,0
-11.3,162.725,-0.43051682492740795,3.8605182678975885,mw,0.2984750067646417,earthquake,reviewed,1914,4,11,16,30,18,5
39.338,71.459,-0.43051682492740795,0.49860917482389755,mw,0.044953312397776925,earthquake,reviewed,1914,4,8,0,40,18,2
0.247,97.554,-0.244710915366108,2.649395737473526,mw,0.20397066757594473,earthquake,reviewed,1914,5,29,4,47,20,4
39.696,35.988,-0.43051682492740795,0.7283048271457031,mw,0.062274670397997285,earthquake,reviewed,1914,5,28,11,27,28,3
9.873,-78.338,-0.244710915366108,2.2735301245833,mw,0.17562662721194752,earthquake,reviewed,1914,5,28,3,23,58,3
-1.98,136.944,-0.43051682492740795,5.656320640595337,mw,0.4338965329481843,earthquake,reviewed,1914,5,26,14,22,46,1
-10.6,13.773,-0.4769683023177329,1.1459332859126214,mw,0.09456143419528225,earthquake,reviewed,1914,5,24,15,56,25,6
31.034,67.316,-0.43051682492740795,1.166814708850967,mw,0.09534271748932785,earthquake,reviewed,1914,5,21,8,26,16,3
-4.634,150.609,-0.43051682492740795,1.4382732070494635,mw,0.11581341330776997,earthquake,reviewed,1914,5,18,23,42,19,0
37.66,15.15,-0.43051682492740795,-0.2531220509565537,mw,-0.011734768330217518,earthquake,reviewed,1914,5,8,18,1,51,4
-13.258,167.556,-0.43051682492740795,2.3361743933983368,mw,0.18352417639954197,earthquake,reviewed,1914,6,26,4,50,30,4
-4.012,101.638,-0.244710915366108,4.403435264294581,mw,0.3362428559412656,earthquake,reviewed,1914,6,25,19,7,25,3
-10.757,166.208,-0.43051682492740795,3.150549887993828,mw,0.24493626385486905,earthquake,reviewed,1914,6,20,7,20,18,5
63.13,-26.243,-0.4769683023177329,0.12274356193367193,mw,0.01740265764884498,earthquake,reviewed,1914,6,19,0,6,36,4
49.405,-130.319,-0.43051682492740795,1.4382732070494635,mw,0.11581341330776997,earthquake,reviewed,1914,7,21,22,31,22,1
51.871,-175.809,-0.244710915366108,2.2317672787066076,mw,0.17247728939372506,earthquake,reviewed,1914,7,17,7,7,1,4
-5.305,102.579,-0.291162392756433,1.8350202428780364,mw,0.1433519657356826,earthquake,reviewed,1914,7,14,3,10,26,1
24.623,121.039,-0.43051682492740795,1.8350202428780364,mw,0.14573212258087878,earthquake,reviewed,1914,7,6,6,37,33,0
-2.022,136.619,-0.43051682492740795,2.1273601640148785,mw,0.16777748730843178,earthquake,reviewed,1914,7,5,21,51,5,6
28.55,128.829,-0.43051682492740795,1.7723759740629983,mw,0.14100811585354545,earthquake,reviewed,1914,7,4,17,47,58,5
44.437,-128.251,-0.43051682492740795,1.6679688593712692,mw,0.13313477130799103,earthquake,reviewed,1914,8,22,5,28,24,5
22.486,-106.478,-0.43051682492740795,2.06471589519984,mw,0.16305348058109914,earthquake,reviewed,1914,8,8,19,8,52,5
43.227,91.616,-0.43051682492740795,4.131976766096085,mw,0.3189457025830846,earthquake,reviewed,1914,8,4,22,41,43,1
18.497,-76.925,-0.43051682492740795,0.9162376335908159,mw,0.0764466905799959,earthquake,reviewed,1914,8,3,11,25,30,0
-4.615,-80.424,-0.244710915366108,1.5217988988028472,mw,0.11893854648395273,earthquake,reviewed,1914,9,25,10,30,44,4
-4.108,-12.511,-0.4769683023177329,0.7700676730223941,mw,0.06621739383128468,earthquake,reviewed,1914,9,1,10,19,11,1
-38.755,-179.413,-0.43051682492740795,1.91854593463142,mw,0.1520307982173223,earthquake,reviewed,1914,10,28,0,16,14,2
43.978,10.704,-0.43051682492740795,0.3315577913171302,mw,0.03235596112488919,earthquake,reviewed,1914,10,27,9,22,18,1
45.08,7.404,-0.43051682492740795,0.12274356193367193,mw,0.016609272033779703,earthquake,reviewed,1914,10,26,3,43,19,0
4.206,128.022,-0.244710915366108,4.257265303726161,mw,0.3252201735774887,earthquake,reviewed,1914,10,23,6,18,45,4
38.257,23.816,-0.43051682492740795,0.623897712453974,mw,0.054401325852442894,earthquake,reviewed,1914,10,17,10,42,7,5
38.241,23.685,-0.43051682492740795,1.6470874364329235,mw,0.1315601023988798,earthquake,reviewed,1914,10,17,6,22,31,5
11.428,93.604,-0.244710915366108,1.1041704400359287,mw,0.0874451683017334,earthquake,reviewed,1914,10,11,16,17,0,6
38.79,30.83,-0.43051682492740795,0.12274356193367193,mw,0.016609272033779703,earthquake,reviewed,1914,10,11,9,45,15,6
32.313,76.037,-0.38406534753708294,1.70973170524796,mw,0.13549072351114752,earthquake,reviewed,1914,10,9,2,39,13,4
-37.92,177.823,-0.43051682492740795,2.544988622781797,mw,0.19927086549065146,earthquake,reviewed,1914,10,6,19,15,50,1
37.484,29.813,-0.43051682492740795,-0.10695209038813365,mw,-0.00071208596644137,earthquake,reviewed,1914,10,4,15,49,39,6
37.666,30.125,-0.43051682492740795,3.3802455403156317,mw,0.2622576218550901,earthquake,reviewed,1914,10,3,22,7,6,5
16.275,-60.212,-0.43051682492740795,3.338482694438941,mw,0.25910828403686764,earthquake,reviewed,1914,10,3,17,22,9,5
29.594,131.049,-0.244710915366108,2.712040006288564,mw,0.20869467430327737,earthquake,reviewed,1914,11,28,10,45,41,5
38.582,20.587,-0.43051682492740795,1.814138819939689,mw,0.14415745367176755,earthquake,reviewed,1914,11,27,14,39,42,4
0.32,-81.951,-0.43051682492740795,2.2735301245833,mw,0.17880016967220863,earthquake,reviewed,1914,11,18,9,38,0,2
32.158,69.523,-0.43051682492740795,1.1876961317893124,mw,0.09691738639843872,earthquake,reviewed,1914,11,4,11,6,54,2
52.788,142.376,-0.43051682492740795,1.6679688593712692,mw,0.13313477130799103,earthquake,reviewed,1914,12,23,6,7,22,2
-16.643,-173.185,-0.244710915366108,2.8790913897953314,mw,0.22129202557616512,earthquake,reviewed,1914,12,20,14,9,1,6
38.06,20.263,-0.43051682492740795,2.1273601640148785,mw,0.16777748730843178,earthquake,reviewed,1915,1,27,1,9,47,2
42.881,45.458,-0.43051682492740795,0.37332063719382297,mw,0.03550529894311095,earthquake,reviewed,1915,1,14,5,9,43,3
42.025,13.578,-0.43051682492740795,2.6076328915968348,mw,0.2039948722179841,earthquake,reviewed,1915,1,13,6,52,43,2
49.6,99.7,-0.4769683023177329,1.2712218235426962,mw,0.10400944764994786,earthquake,reviewed,1915,1,10,0,45,4,6
41.868,143.797,-0.244710915366108,2.2108858557682622,mw,0.1709026204846142,earthquake,reviewed,1915,3,17,18,44,33,2
11.844,122.695,-0.43051682492740795,2.8790913897953314,mw,0.22446556803642692,earthquake,reviewed,1915,3,12,14,48,32,4
38.408,141.65,-0.244710915366108,2.4823443539667585,mw,0.191373316303057,earthquake,reviewed,1915,3,8,15,29,54,0
34.049,96.766,-0.43051682492740795,1.3756289382344253,mw,0.11108940658043734,earthquake,reviewed,1915,4,28,3,19,57,2
35.299,142.446,-0.43051682492740795,1.4591546299878089,mw,0.11738808221688085,earthquake,reviewed,1915,4,24,17,9,14,5
-8.258,-70.933,5.190111939301914,2.5867514686584876,mw,0.10642054388596732,earthquake,reviewed,1915,4,23,15,29,17,4
-2.663,100.714,-0.244710915366108,0.8327119418374322,mw,0.06697447248329093,earthquake,reviewed,1915,4,16,13,55,49,4
48.5,155.25,-0.43051682492740795,1.166814708850967,mw,0.09534271748932785,earthquake,reviewed,1915,4,12,22,15,18,0
50.574,-175.662,-0.43051682492740795,1.8559016658163818,mw,0.14730679148998965,earthquake,reviewed,1915,4,3,20,29,56,5
1.363,97.121,-0.244710915366108,1.6679688593712692,mw,0.12996122884772923,earthquake,reviewed,1915,4,3,13,42,51,5
5.63,32.324,-0.43051682492740795,2.1273601640148785,mw,0.16777748730843178,earthquake,reviewed,1915,5,21,4,19,10,4
38.4,39.674,-0.43051682492740795,0.5612534436389358,mw,0.04967731912510956,earthquake,reviewed,1915,5,19,4,48,30,2
47.161,155.387,-0.43051682492740795,1.2921032464810416,mw,0.10479073094399347,earthquake,reviewed,1915,5,14,14,23,10,4
48.537,155.005,-0.43051682492740795,1.7306131281863055,mw,0.13785877803532368,earthquake,reviewed,1915,5,14,6,41,0,4
47.607,155.192,-0.43051682492740795,1.1041704400359287,mw,0.0906187107619945,earthquake,reviewed,1915,5,12,16,25,23,2
-0.046,-20.21,-0.4769683023177329,2.753802852165255,mw,0.21581094019682623,earthquake,reviewed,1915,5,12,10,29,16,2
-22.81,38.525,-0.4769683023177329,2.0438344722614947,mw,0.16227219728705353,earthquake,reviewed,1915,5,8,13,42,56,5
40.148,-127.003,-0.43051682492740795,1.814138819939689,mw,0.14415745367176755,earthquake,reviewed,1915,5,6,12,9,3,3
34.002,96.592,-0.43051682492740795,1.312984669419389,mw,0.1063653998531047,earthquake,reviewed,1915,5,5,15,12,22,2
-6.344,130.475,-0.244710915366108,2.106478741076533,mw,0.16302927593905978,earthquake,reviewed,1915,5,5,11,9,11,2
48.568,155.369,-0.244710915366108,2.3779372392750293,mw,0.18349997175750263,earthquake,reviewed,1915,5,3,3,14,32,0
48.222,155.236,-0.244710915366108,1.8559016658163818,mw,0.14413324902972818,earthquake,reviewed,1915,5,2,3,59,15,6
48.392,155.0,-0.291162392756433,4.988115106568267,mw,0.38112697101143755,earthquake,reviewed,1915,5,1,5,0,10,5
45.867,149.577,-0.43051682492740795,2.0438344722614947,mw,0.16147881167198827,earthquake,reviewed,1915,6,27,15,25,41,6
34.338,24.796,-0.43051682492740795,-0.06518924451144088,mw,0.0024372518517810924,earthquake,reviewed,1915,6,24,6,17,26,3
34.541,25.028,-0.43051682492740795,0.5194905977622448,mw,0.0465279813068878,earthquake,reviewed,1915,6,24,5,20,34,3
34.731,-114.966,-0.4769683023177329,1.166814708850967,mw,0.09613610310439312,earthquake,reviewed,1915,6,23,3,58,42,2
45.347,150.323,-0.244710915366108,1.7723759740629983,mw,0.13783457339328434,earthquake,reviewed,1915,6,7,21,59,25,0
41.014,143.655,-0.43051682492740795,2.06471589519984,mw,0.16305348058109914,earthquake,reviewed,1915,6,4,21,57,57,4
38.998,21.669,-0.43051682492740795,1.2503404006043506,mw,0.10164139312577136,earthquake,reviewed,1915,6,4,17,21,53,4
77.296,9.092,-0.4769683023177329,2.2944115475216456,mw,0.1811682241963848,earthquake,reviewed,1915,6,1,14,44,3,1
23.341,120.893,-0.43051682492740795,0.37332063719382297,mw,0.03550529894311095,earthquake,reviewed,1915,7,23,17,17,59,4
36.76,-12.577,-0.43051682492740795,0.9371190565291614,mw,0.07802135948910678,earthquake,reviewed,1915,7,11,11,28,19,6
36.304,143.225,-0.43051682492740795,1.91854593463142,mw,0.1520307982173223,earthquake,reviewed,1915,7,8,22,19,54,3
19.723,120.313,-0.43051682492740795,1.0832890170975833,mw,0.08904404185288363,earthquake,reviewed,1915,7,2,13,23,29,4
38.912,20.576,-0.43051682492740795,1.2503404006043506,mw,0.10164139312577136,earthquake,reviewed,1915,8,19,6,42,26,3
51.357,-179.766,-0.244710915366108,1.960308780508111,mw,0.15200659357528293,earthquake,reviewed,1915,8,16,0,56,48,0
7.475,91.516,-0.43051682492740795,1.5844431676178854,mw,0.12683609567154683,earthquake,reviewed,1915,8,12,9,16,58,3
-2.815,118.142,-0.244710915366108,1.7514945511246527,mw,0.13625990448417344,earthquake,reviewed,1915,8,12,7,36,31,3
38.549,20.64,-0.43051682492740795,0.5194905977622448,mw,0.0465279813068878,earthquake,reviewed,1915,8,11,9,58,13,2
38.453,20.154,-0.43051682492740795,1.1876961317893124,mw,0.09691738639843872,earthquake,reviewed,1915,8,11,9,10,41,2
38.566,20.418,-0.43051682492740795,1.8976645116930728,mw,0.1504561293082114,earthquake,reviewed,1915,8,10,2,2,45,1
38.353,20.545,-0.43051682492740795,1.0206447482825451,mw,0.08432003512555099,earthquake,reviewed,1915,8,10,0,48,2,1
38.486,20.362,-0.43051682492740795,2.2108858557682622,mw,0.174076162944876,earthquake,reviewed,1915,8,7,15,4,9,5
43.702,148.619,-0.43051682492740795,2.649395737473526,mw,0.20714421003620584,earthquake,reviewed,1915,8,6,13,12,26,4
-3.347,135.559,-0.244710915366108,2.7955656980419477,mw,0.2149933499397216,earthquake,reviewed,1915,8,3,13,5,3,1
14.482,38.581,-0.4769683023177329,1.6262060134945764,mw,0.13077881910483422,earthquake,reviewed,1915,9,23,8,14,46,3
7.933,-37.275,-0.4769683023177329,2.0855973181381873,mw,0.1654215351052753,earthquake,reviewed,1915,9,12,20,43,46,6
14.126,-89.007,-0.43051682492740795,4.716656608369771,mw,0.36303643203819125,earthquake,reviewed,1915,9,7,1,20,49,1
8.941,127.849,-0.43051682492740795,1.312984669419389,mw,0.1063653998531047,earthquake,reviewed,1915,9,5,12,17,7,6
38.895,144.482,-0.43051682492740795,2.06471589519984,mw,0.16305348058109914,earthquake,reviewed,1915,10,12,21,29,2,1
19.583,-67.17,-0.43051682492740795,1.9394273575697656,mw,0.15360546712643317,earthquake,reviewed,1915,10,11,19,33,15,0
7.507,-35.934,-0.4769683023177329,1.3965103611727725,mw,0.1134574611046135,earthquake,reviewed,1915,10,11,2,37,57,0
40.269,-117.584,-0.4769683023177329,2.837328543918639,mw,0.22210961583326974,earthquake,reviewed,1915,10,3,6,53,21,6
40.529,-118.669,-0.43051682492740795,1.166814708850967,mw,0.09534271748932785,earthquake,reviewed,1915,10,3,1,48,17,6
31.932,-114.945,-0.4769683023177329,2.357055816336684,mw,0.18589223092371812,earthquake,reviewed,1915,11,21,0,13,42,6
17.941,119.21,-0.43051682492740795,1.7306131281863055,mw,0.13785877803532368,earthquake,reviewed,1915,11,18,20,19,26,3
38.96,142.459,-0.244710915366108,2.753802852165255,mw,0.21184401212149984,earthquake,reviewed,1915,11,18,4,2,31,3
39.051,142.907,-0.244710915366108,1.7932573970013437,mw,0.1394092423023952,earthquake,reviewed,1915,11,4,3,12,4,3
38.895,142.648,-0.244710915366108,2.837328543918639,mw,0.21814268775794335,earthquake,reviewed,1915,11,1,9,0,15,0
38.66,143.004,-0.291162392756433,4.50784237898631,mw,0.34490958610188593,earthquake,reviewed,1915,11,1,7,23,53,0
36.428,36.166,-0.43051682492740795,0.08098071605698101,mw,0.013459934215557592,earthquake,reviewed,1915,12,25,6,6,9,5
2.278,96.157,-0.244710915366108,1.312984669419389,mw,0.10319185739284288,earthquake,reviewed,1915,12,19,20,13,24,6
41.702,79.139,-0.38406534753708294,2.2108858557682622,mw,0.1732827773298107,earthquake,reviewed,1915,12,17,7,5,4,4
8.397,-38.707,-0.4769683023177329,1.7514945511246527,mw,0.14022683255949983,earthquake,reviewed,1915,12,7,10,38,20,1
42.428,143.897,-0.244710915366108,1.7306131281863055,mw,0.1346852355750622,earthquake,reviewed,1915,12,6,20,58,26,0
27.844,91.752,-0.43051682492740795,2.3361743933983368,mw,0.18352417639954197,earthquake,reviewed,1915,12,3,2,39,23,4
45.861,24.712,-0.43051682492740795,1.91854593463142,mw,0.1520307982173223,earthquake,reviewed,1916,1,26,7,38,3,2
40.201,37.312,-0.43051682492740795,3.254957002685557,mw,0.25280960840042416,earthquake,reviewed,1916,1,24,6,55,13,0
-1.916,135.968,-0.244710915366108,2.0229530493231493,mw,0.15673060030261557,earthquake,reviewed,1916,1,13,10,51,11,3
-3.076,135.676,-0.337613870146758,4.633130916616387,mw,0.3551509851716165,earthquake,reviewed,1916,1,13,8,20,47,3
-3.206,135.699,-0.337613870146758,3.254957002685557,mw,0.25122283717029287,earthquake,reviewed,1916,1,13,6,18,35,3
-4.756,152.626,-0.244710915366108,5.259573604766763,mw,0.4008042812148151,earthquake,reviewed,1916,1,1,13,20,48,5
9.451,-87.336,-0.43051682492740795,3.79787399908255,mw,0.2937510000373091,earthquake,reviewed,1916,2,27,20,21,2,6
52.392,-167.629,-0.244710915366108,2.6285143145351806,mw,0.20239599866683386,earthquake,reviewed,1916,2,20,17,47,51,6
60.449,-147.258,-0.337613870146758,2.0438344722614947,mw,0.1598920404418577,earthquake,reviewed,1916,2,15,11,35,56,1
3.544,126.465,0.08044942636616685,2.0855973181381873,mw,0.15590090772449128,earthquake,reviewed,1916,2,14,10,1,46,0
50.785,179.032,-0.43051682492740795,3.3593641173772864,mw,0.26068295294597854,earthquake,reviewed,1916,2,6,21,51,35,6
39.002,23.319,-0.43051682492740795,0.874474787714125,mw,0.07329735276177414,earthquake,reviewed,1916,2,6,14,39,40,6
47.628,149.722,-0.43051682492740795,1.6262060134945764,mw,0.12998543348976857,earthquake,reviewed,1916,2,6,10,52,12,6
29.51,131.875,-0.43051682492740795,4.111095343157739,mw,0.3173710336739737,earthquake,reviewed,1916,2,1,7,36,31,1
24.618,125.244,-0.244710915366108,2.002071626384804,mw,0.1551559313935047,earthquake,reviewed,1916,3,25,23,52,26,5
42.056,144.454,-0.012453528414483116,1.4382732070494635,mw,0.10867294277218213,earthquake,reviewed,1916,3,18,0,55,55,5
45.169,14.87,-0.43051682492740795,0.9580004794675087,mw,0.07959602839821801,earthquake,reviewed,1916,3,12,3,24,0,6
9.511,-82.458,-0.4769683023177329,2.712040006288564,mw,0.21266160237860446,earthquake,reviewed,1916,4,26,2,21,28,2
10.11,-83.564,-0.43051682492740795,3.5472969238223993,mw,0.27485497312797713,earthquake,reviewed,1916,4,24,8,2,10,0
18.192,-68.448,0.3591582907081167,2.816447120980293,mw,0.20625400585298317,earthquake,reviewed,1916,4,24,4,26,44,0
33.7,141.759,-0.43051682492740795,3.2758384256239026,mw,0.254384277309535,earthquake,reviewed,1916,4,21,11,31,20,4
-4.338,102.597,-0.244710915366108,2.649395737473526,mw,0.20397066757594473,earthquake,reviewed,1916,4,15,12,31,43,5
34.626,140.379,-0.244710915366108,0.874474787714125,mw,0.07012381030151303,earthquake,reviewed,1916,4,14,2,10,31,4
-31.851,54.766,-0.4769683023177329,3.5681783467607464,mw,0.277223027652154,earthquake,reviewed,1916,4,7,9,26,7,4
44.128,12.831,-0.43051682492740795,1.2712218235426962,mw,0.10321606203488223,earthquake,reviewed,1916,5,17,12,50,3,2
0.319,88.514,-0.43051682492740795,1.8350202428780364,mw,0.14573212258087878,earthquake,reviewed,1916,5,9,14,33,41,1
-27.509,-63.541,5.004306029740615,3.4220083861923243,mw,0.17258084271066743,earthquake,reviewed,1916,6,21,21,32,42,2
35.586,78.171,-0.43051682492740795,0.5821348665772812,mw,0.05125198803422044,earthquake,reviewed,1916,6,21,19,56,24,2
6.243,126.867,-0.244710915366108,1.814138819939689,mw,0.14098391121150608,earthquake,reviewed,1916,6,9,21,24,26,4
3.175,97.963,-0.43051682492740795,1.3547475152960797,mw,0.10951473767132645,earthquake,reviewed,1916,7,27,11,52,28,3
39.742,143.104,-0.244710915366108,1.8559016658163818,mw,0.14413324902972818,earthquake,reviewed,1916,7,16,18,14,46,6
44.702,15.202,-0.43051682492740795,0.6865419812690103,mw,0.05912533257977553,earthquake,reviewed,1916,7,14,20,27,1,4
42.845,13.394,-0.4769683023177329,-0.7542762014768558,mw,-0.048733436533815434,earthquake,reviewed,1916,7,4,5,6,28,1
21.855,122.258,-0.43051682492740795,3.1714313109321735,mw,0.24651093276397992,earthquake,reviewed,1916,8,28,7,27,5,0
29.67,80.684,-0.38406534753708294,3.1714313109321735,mw,0.24571754714891464,earthquake,reviewed,1916,8,28,6,39,41,0
37.691,142.038,-0.244710915366108,1.9394273575697656,mw,0.15043192466617206,earthquake,reviewed,1916,8,27,22,42,36,6
-20.162,-71.886,-0.43051682492740795,2.962617081548715,mw,0.23076424367287043,earthquake,reviewed,1916,8,25,9,44,21,4
44.132,13.418,-0.4769683023177329,0.2689135225020938,mw,0.02842534001262183,earthquake,reviewed,1916,8,16,8,14,51,2
44.035,13.009,-0.4769683023177329,1.1876961317893124,mw,0.097710772013504,earthquake,reviewed,1916,8,16,7,6,22,2
44.01,13.902,-0.4769683023177329,-0.06518924451144088,mw,0.003230637466846369,earthquake,reviewed,1916,8,15,13,59,48,1
44.196,12.923,-0.4769683023177329,-0.06518924451144088,mw,0.003230637466846369,earthquake,reviewed,1916,8,15,9,17,53,1
18.848,120.345,-0.43051682492740795,1.2294589776660052,mw,0.10006672421666048,earthquake,reviewed,1916,8,8,18,53,9,1
37.833,138.74,-0.43051682492740795,1.814138819939689,mw,0.14415745367176755,earthquake,reviewed,1916,8,8,4,24,46,1
-7.186,144.402,-0.244710915366108,3.1714313109321735,mw,0.24333739030371881,earthquake,reviewed,1916,8,3,1,30,5,3
-10.613,-78.908,-0.43051682492740795,1.7306131281863055,mw,0.13785877803532368,earthquake,reviewed,1916,9,29,18,54,47,4
38.966,22.839,-0.43051682492740795,0.9788819024058542,mw,0.08117069730732923,earthquake,reviewed,1916,9,27,15,2,20,2
11.225,-91.207,-0.43051682492740795,2.2108858557682622,mw,0.174076162944876,earthquake,reviewed,1916,9,23,5,42,39,5
33.99,140.837,-0.244710915366108,2.5241071998434514,mw,0.19452265412127875,earthquake,reviewed,1916,9,15,7,1,10,4
-8.769,112.366,0.033997948975841866,2.461462931028413,mw,0.18503833370355377,earthquake,reviewed,1916,9,11,6,30,37,0
-7.245,154.175,-0.244710915366108,2.106478741076533,mw,0.16302927593905978,earthquake,reviewed,1916,9,3,7,13,37,6
9.349,93.609,-0.43051682492740795,1.8976645116930728,mw,0.1504561293082114,earthquake,reviewed,1916,10,21,19,25,16,5
-15.541,-172.516,-0.43051682492740795,2.544988622781797,mw,0.19927086549065146,earthquake,reviewed,1916,10,20,17,4,55,4
29.45,80.623,-0.43051682492740795,0.7909490959607414,mw,0.06699867712533063,earthquake,reviewed,1916,10,14,19,47,21,5
-15.587,-175.3,-0.43051682492740795,2.2944115475216456,mw,0.1803748385813195,earthquake,reviewed,1916,10,11,18,5,35,2
55.312,-159.649,-0.244710915366108,1.0832890170975833,mw,0.08587049939262252,earthquake,reviewed,1916,10,3,13,31,27,1
-14.769,-74.265,0.08044942636616685,3.004379927425406,mw,0.22518633972537344,earthquake,reviewed,1916,10,3,1,26,32,1
39.698,142.849,-0.43051682492740795,1.6679688593712692,mw,0.13313477130799103,earthquake,reviewed,1916,11,24,4,3,9,4
15.023,-95.61,-0.42122652944934297,2.357055816336684,mw,0.18494016818563938,earthquake,reviewed,1916,11,21,6,25,39,1
23.839,120.432,-0.43051682492740795,1.9811902034464564,mw,0.1567548049446549,earthquake,reviewed,1916,11,14,22,31,41,1
-1.522,139.176,-0.43051682492740795,1.7306131281863055,mw,0.13785877803532368,earthquake,reviewed,1916,12,26,20,10,29,1
29.527,80.671,-0.43051682492740795,1.0206447482825451,mw,0.08432003512555099,earthquake,reviewed,1916,12,24,7,53,22,6
-22.762,-69.642,0.12690090375649182,2.8582099668569843,mw,0.2133702717465313,earthquake,reviewed,1916,12,23,9,24,33,5
51.433,176.045,-0.244710915366108,1.7306131281863055,mw,0.1346852355750622,earthquake,reviewed,1916,12,14,16,52,38,3
87.199,44.856,-0.4769683023177329,0.6447791353923195,mw,0.05676938037661905,earthquake,reviewed,1916,12,6,22,17,13,2
56.154,163.174,-0.38406534753708294,5.301336450643456,mw,0.4063337758782327,earthquake,reviewed,1917,1,30,2,45,40,1
45.8,15.669,-0.43051682492740795,0.6865419812690103,mw,0.05912533257977553,earthquake,reviewed,1917,1,29,8,22,56,0
26.902,115.658,-0.43051682492740795,1.2085775547276578,mw,0.0984920553075496,earthquake,reviewed,1917,1,27,14,52,31,5
53.235,162.886,-0.43051682492740795,1.7932573970013437,mw,0.14258278476265632,earthquake,reviewed,1917,1,26,5,9,11,4
31.495,115.966,-0.38406534753708294,2.0229530493231493,mw,0.15911075714781212,earthquake,reviewed,1917,1,24,0,48,34,2
7.024,93.481,-0.43051682492740795,2.7955656980419477,mw,0.2181668923999827,earthquake,reviewed,1917,1,20,23,48,37,5
-8.492,115.198,-0.43051682492740795,2.2944115475216456,mw,0.1803748385813195,earthquake,reviewed,1917,1,20,23,11,44,5
38.945,23.053,-0.43051682492740795,-0.5036991262167048,mw,-0.030630795239549466,earthquake,reviewed,1917,1,13,22,50,35,5
-7.857,134.006,-0.43051682492740795,0.8535933647757777,mw,0.07172268385266327,earthquake,reviewed,1917,1,11,11,44,6,3
9.162,125.453,-0.43051682492740795,0.5821348665772812,mw,0.05125198803422044,earthquake,reviewed,1917,1,10,13,19,21,2
23.9,120.9,-0.43051682492740795,0.9997633253441996,mw,0.08274536621644012,earthquake,reviewed,1917,1,6,18,8,59,5
24.09,120.832,-0.43051682492740795,2.2108858557682622,mw,0.174076162944876,earthquake,reviewed,1917,1,4,16,50,6,3
12.969,125.743,-0.43051682492740795,1.312984669419389,mw,0.1063653998531047,earthquake,reviewed,1917,2,25,5,45,58,6
12.998,125.666,-0.43051682492740795,0.9162376335908159,mw,0.0764466905799959,earthquake,reviewed,1917,2,25,5,20,22,6
-30.754,-78.354,-0.4769683023177329,2.252648701644953,mw,0.17801888637816302,earthquake,reviewed,1917,2,22,9,11,49,3
30.168,115.752,-0.43051682492740795,0.7700676730223941,mw,0.0654240082162194,earthquake,reviewed,1917,2,22,2,12,56,3
-28.238,-79.266,-0.4769683023177329,1.9394273575697656,mw,0.15439885274149845,earthquake,reviewed,1917,2,21,9,41,13,2
19.496,-78.144,-0.43051682492740795,3.3593641173772864,mw,0.26068295294597854,earthquake,reviewed,1917,2,20,19,29,49,1
11.287,123.238,-0.43051682492740795,0.9162376335908159,mw,0.0764466905799959,earthquake,reviewed,1917,2,18,1,22,47,6
-30.519,-71.789,-0.244710915366108,3.046142773302099,mw,0.23388937684905284,earthquake,reviewed,1917,2,15,0,48,28,3
-17.632,168.061,-0.272581801800303,1.5844431676178854,mw,0.12413858458032474,earthquake,reviewed,1917,2,12,9,3,9,0
-2.395,-80.688,-0.43051682492740795,1.6262060134945764,mw,0.12998543348976857,earthquake,reviewed,1917,3,29,2,1,30,3
40.866,36.438,-0.43051682492740795,0.3942020601321684,mw,0.037079967852221826,earthquake,reviewed,1917,3,18,17,39,9,6
-0.97,-18.222,-0.4769683023177329,1.2294589776660052,mw,0.10086010983172576,earthquake,reviewed,1917,3,16,10,4,41,4
39.482,143.674,-0.43051682492740795,3.0879056191787897,mw,0.2402122571275364,earthquake,reviewed,1917,3,15,0,14,17,3
39.784,20.229,-0.43051682492740795,0.10186213899532646,mw,0.015034603124668824,earthquake,reviewed,1917,3,14,18,13,32,2
14.873,-95.309,-0.43051682492740795,1.7514945511246527,mw,0.13943344694443455,earthquake,reviewed,1917,3,6,3,5,58,1
56.264,115.171,-0.4769683023177329,2.461462931028413,mw,0.1937655754692725,earthquake,reviewed,1917,4,29,11,55,29,6
45.054,151.916,-0.43051682492740795,0.9788819024058542,mw,0.08117069730732923,earthquake,reviewed,1917,4,28,13,53,34,5
39.667,20.503,-0.43051682492740795,0.4568463289472066,mw,0.04180397457955517,earthquake,reviewed,1917,4,26,13,14,29,3
43.453,12.046,-0.4769683023177329,0.5821348665772812,mw,0.05204537364928606,earthquake,reviewed,1917,4,26,9,36,3,3
40.826,144.301,-0.43051682492740795,1.3756289382344253,mw,0.11108940658043734,earthquake,reviewed,1917,4,21,3,52,43,5
-1.848,99.524,-0.244710915366108,1.2085775547276578,mw,0.09531851284728815,earthquake,reviewed,1917,4,16,18,45,11,0
24.435,94.19,-0.244710915366108,1.6053245905562308,mw,0.1252372221203966,earthquake,reviewed,1917,4,12,2,55,25,3
42.479,30.84,-0.43051682492740795,-0.1278335133264791,mw,-0.002286754875552248,earthquake,reviewed,1917,4,4,13,39,37,2
-37.831,80.246,-0.4769683023177329,1.8976645116930728,mw,0.15124951492327668,earthquake,reviewed,1917,4,3,12,31,54,1
-14.953,169.871,-0.43051682492740795,1.312984669419389,mw,0.1063653998531047,earthquake,reviewed,1917,5,29,6,3,27,1
12.77,123.047,-0.43051682492740795,1.0832890170975833,mw,0.08904404185288363,earthquake,reviewed,1917,5,28,12,1,45,0
-32.801,-178.536,-0.43051682492740795,1.814138819939689,mw,0.14415745367176755,earthquake,reviewed,1917,5,24,19,19,54,3
39.183,20.747,-0.43051682492740795,1.2085775547276578,mw,0.0984920553075496,earthquake,reviewed,1917,5,23,5,46,28,2
-13.502,-170.877,-0.43051682492740795,1.6262060134945764,mw,0.12998543348976857,earthquake,reviewed,1917,5,18,19,5,27,4
-15.96,166.614,-0.43051682492740795,1.9394273575697656,mw,0.15360546712643317,earthquake,reviewed,1917,5,14,22,1,4,0
71.594,0.181,-0.4769683023177329,-0.42017343446332106,mw,-0.023538733988039972,earthquake,reviewed,1917,5,14,6,57,14,0
42.443,12.629,-0.43051682492740795,-0.7542762014768558,mw,-0.04952682214888071,earthquake,reviewed,1917,5,12,15,34,21,5
33.336,77.958,-0.43051682492740795,1.0415261712208923,mw,0.08589470403466187,earthquake,reviewed,1917,5,9,21,46,2,2
-28.6,-175.9,-0.43051682492740795,1.6679688593712692,mw,0.13313477130799103,earthquake,reviewed,1917,5,9,20,28,57,2
-21.404,171.738,-0.43051682492740795,1.6053245905562308,mw,0.1284107645806577,earthquake,reviewed,1917,5,9,19,32,37,2
10.913,144.408,-0.43051682492740795,3.5264155008840534,mw,0.2732803042188663,earthquake,reviewed,1917,5,9,15,54,52,2
10.783,144.201,-0.43051682492740795,1.9394273575697656,mw,0.15360546712643317,earthquake,reviewed,1917,5,6,22,55,40,6
-27.523,-176.398,-0.244710915366108,2.6285143145351806,mw,0.20239599866683386,earthquake,reviewed,1917,5,4,0,43,18,4
-28.378,-176.107,-0.43051682492740795,1.8350202428780364,mw,0.14573212258087878,earthquake,reviewed,1917,5,2,14,10,34,2
-28.189,-177.98,-0.244710915366108,1.6888502823096145,mw,0.13153589775684046,earthquake,reviewed,1917,5,2,1,21,34,2
-31.195,-176.653,-0.43051682492740795,5.760727755287064,mw,0.4417698774937394,earthquake,reviewed,1917,5,1,18,26,20,1
20.525,-112.343,-0.43051682492740795,1.2921032464810416,mw,0.10479073094399347,earthquake,reviewed,1917,6,29,16,6,44,4
-16.1,-171.6,-0.43051682492740795,1.5009174758645016,mw,0.12053742003510332,earthquake,reviewed,1917,6,28,13,55,7,3
7.21,-81.494,-0.43051682492740795,1.125051862974276,mw,0.09219337967110573,earthquake,reviewed,1917,6,27,12,26,40,2
-14.996,-173.27,-0.43051682492740795,5.343099296520148,mw,0.41027649931152044,earthquake,reviewed,1917,6,26,5,49,44,1
38.433,20.296,-0.43051682492740795,-0.3992920115249756,mw,-0.02275745069399437,earthquake,reviewed,1917,6,25,13,8,30,0
-20.437,-174.703,-0.244710915366108,2.2944115475216456,mw,0.1772012961210584,earthquake,reviewed,1917,6,24,19,48,48,6
43.84,-19.201,-0.4769683023177329,-0.023426398634749976,mw,0.006379975285068126,earthquake,reviewed,1917,6,16,12,23,15,5
38.131,145.172,-0.43051682492740795,0.7491862500840486,mw,0.06384933930710816,earthquake,reviewed,1917,6,14,13,20,24,3
35.508,26.428,-0.43051682492740795,-0.3575291656482847,mw,-0.019608112875772615,earthquake,reviewed,1917,6,13,12,15,56,2
-29.275,-177.698,-0.244710915366108,3.213194156808866,mw,0.24648672812194056,earthquake,reviewed,1917,6,13,6,41,57,2
39.536,16.751,-0.43051682492740795,0.060099293118633705,mw,0.011885265306446362,earthquake,reviewed,1917,6,12,18,42,45,1
40.205,-127.932,-0.43051682492740795,1.960308780508111,mw,0.15518013603554404,earthquake,reviewed,1917,6,10,4,32,19,6
-29.214,-175.87,-0.43051682492740795,1.5217988988028472,mw,0.12211208894421419,earthquake,reviewed,1917,6,9,16,57,48,5
13.802,-89.361,-0.43051682492740795,2.649395737473526,mw,0.20714421003620584,earthquake,reviewed,1917,6,8,0,51,44,4
54.622,-159.243,-0.244710915366108,0.9997633253441996,mw,0.07957182375617866,earthquake,reviewed,1917,6,7,2,47,55,3
-30.45,-177.363,-0.244710915366108,1.062407594159238,mw,0.08429583048351165,earthquake,reviewed,1917,6,6,15,49,5,2
52.91,-158.567,-0.43051682492740795,1.70973170524796,mw,0.1362841091262128,earthquake,reviewed,1917,6,4,1,29,17,0
58.155,-157.231,-0.244710915366108,0.9788819024058542,mw,0.07799715484706743,earthquake,reviewed,1917,6,3,19,32,16,6
-2.896,122.586,-0.244710915366108,1.4591546299878089,mw,0.11421453975661974,earthquake,reviewed,1917,6,3,14,34,39,6
36.874,49.554,-0.43051682492740795,0.060099293118633705,mw,0.011885265306446362,earthquake,reviewed,1917,6,2,0,28,4,5
28.405,104.285,-0.43051682492740795,3.1714313109321735,mw,0.24651093276397992,earthquake,reviewed,1917,7,30,23,54,8,0
-2.876,139.107,-0.244710915366108,1.4800360529261563,mw,0.11578920866573061,earthquake,reviewed,1917,7,30,16,22,44,0
-4.885,139.575,-0.244710915366108,1.062407594159238,mw,0.08429583048351165,earthquake,reviewed,1917,7,30,13,50,23,0
-3.705,141.729,-0.244710915366108,4.194621034911123,mw,0.3204961668501561,earthquake,reviewed,1917,7,29,21,52,31,6
41.208,143.747,-0.43051682492740795,3.4846526550073627,mw,0.2701309664006445,earthquake,reviewed,1917,7,29,14,32,23,6
41.264,142.969,-0.43051682492740795,0.6030162895156286,mw,0.05282665694333166,earthquake,reviewed,1917,7,29,1,57,10,6
-4.921,141.324,-0.244710915366108,2.41970008515172,mw,0.18664930957572437,earthquake,reviewed,1917,7,27,23,36,15,4
19.315,-67.285,-0.43051682492740795,1.1041704400359287,mw,0.0906187107619945,earthquake,reviewed,1917,7,27,16,15,28,4
19.13,-67.715,-0.43051682492740795,2.899972812733677,mw,0.2260402369455378,earthquake,reviewed,1917,7,27,1,1,23,4
55.206,-161.427,-0.244710915366108,1.0832890170975833,mw,0.08587049939262252,earthquake,reviewed,1917,7,25,22,33,5,2
54.488,-161.079,-0.244710915366108,2.002071626384804,mw,0.1551559313935047,earthquake,reviewed,1917,7,25,3,19,15,2
34.869,45.779,-0.43051682492740795,0.01833644724194279,mw,0.008735927488224606,earthquake,reviewed,1917,7,24,16,13,17,1
34.409,142.098,-0.43051682492740795,1.2921032464810416,mw,0.10479073094399347,earthquake,reviewed,1917,7,18,7,50,53,2
54.537,160.626,-0.244710915366108,1.062407594159238,mw,0.08429583048351165,earthquake,reviewed,1917,7,16,18,16,8,0
32.68,48.017,-0.43051682492740795,0.08098071605698101,mw,0.013459934215557592,earthquake,reviewed,1917,7,15,21,22,9,6
32.463,47.765,-0.43051682492740795,0.874474787714125,mw,0.07329735276177414,earthquake,reviewed,1917,7,15,17,58,45,6
-58.816,-12.643,-0.4769683023177329,2.3361743933983368,mw,0.18431756201460725,earthquake,reviewed,1917,7,15,10,25,59,6
-7.461,155.303,-0.244710915366108,1.417391784111118,mw,0.11106520193839799,earthquake,reviewed,1917,7,12,11,42,7,3
-13.837,-175.586,-0.43051682492740795,1.9394273575697656,mw,0.15360546712643317,earthquake,reviewed,1917,7,11,22,41,37,2
63.841,-20.132,-0.43051682492740795,0.2062692536870556,mw,0.022907947670223215,earthquake,reviewed,1917,7,9,0,21,45,0
12.487,93.373,-0.244710915366108,1.5844431676178854,mw,0.12366255321128572,earthquake,reviewed,1917,7,4,22,9,20,2
25.575,125.647,-0.43051682492740795,2.7746842751036005,mw,0.21659222349087182,earthquake,reviewed,1917,7,4,5,36,35,2
25.157,126.432,-0.244710915366108,3.9231625367126264,mw,0.30002547103171323,earthquake,reviewed,1917,7,4,0,38,27,2
24.837,143.858,-0.43051682492740795,0.31067636837878476,mw,0.03078129221577831,earthquake,reviewed,1917,7,1,0,44,48,6
3.725,-73.866,-0.43051682492740795,2.06471589519984,mw,0.16305348058109914,earthquake,reviewed,1917,8,30,3,24,19,3
-11.772,-13.324,-0.4769683023177329,1.5844431676178854,mw,0.1276294812866121,earthquake,reviewed,1917,8,21,21,38,52,1
71.428,-3.502,-0.4769683023177329,0.4777277518855521,mw,0.04417202910373132,earthquake,reviewed,1917,8,21,10,44,21,1
40.213,25.977,-0.43051682492740795,0.7909490959607414,mw,0.06699867712533063,earthquake,reviewed,1917,8,20,23,2,2,0
-1.534,132.831,-0.244710915366108,0.9788819024058542,mw,0.07799715484706743,earthquake,reviewed,1917,8,7,15,54,49,1
-41.723,178.185,-0.43051682492740795,0.7909490959607414,mw,0.06699867712533063,earthquake,reviewed,1917,8,6,16,8,3,0
24.773,126.514,-0.337613870146758,1.1041704400359287,mw,0.08903193953186396,earthquake,reviewed,1917,8,5,18,38,23,6
-41.379,176.458,-0.43051682492740795,2.7746842751036005,mw,0.21659222349087182,earthquake,reviewed,1917,8,5,15,50,25,6
-6.118,152.861,-0.43051682492740795,1.6679688593712692,mw,0.13313477130799103,earthquake,reviewed,1917,9,24,20,7,43,0
-19.772,171.728,-0.43051682492740795,1.56356174467954,mw,0.12526142676243596,earthquake,reviewed,1917,9,20,2,50,15,3
-0.762,-19.905,-0.4769683023177329,1.7932573970013437,mw,0.14337617037772193,earthquake,reviewed,1917,9,15,9,14,32,5
14.144,123.367,-0.43051682492740795,1.062407594159238,mw,0.08746937294377274,earthquake,reviewed,1917,9,7,22,22,45,4
39.15,94.584,-0.43051682492740795,1.4382732070494635,mw,0.11581341330776997,earthquake,reviewed,1917,9,4,16,42,22,1
-5.995,152.949,-0.43051682492740795,1.8559016658163818,mw,0.14730679148998965,earthquake,reviewed,1917,10,29,20,36,16,0
-1.068,-13.587,-0.4769683023177329,1.5844431676178854,mw,0.1276294812866121,earthquake,reviewed,1917,10,28,16,53,7,6
15.212,-94.833,-0.43051682492740795,1.7932573970013437,mw,0.14258278476265632,earthquake,reviewed,1917,10,19,16,37,11,4
39.904,19.837,-0.4769683023177329,-0.10695209038813365,mw,8.129964862425966e-05,earthquake,reviewed,1917,10,18,18,58,39,3
39.993,20.247,-0.4769683023177329,-0.0025449756964026644,mw,0.007954644194179003,earthquake,reviewed,1917,10,18,4,23,56,3
0.59,-26.247,-0.4769683023177329,1.6470874364329235,mw,0.13235348801394545,earthquake,reviewed,1917,10,7,14,42,40,6
40.359,20.171,-0.4769683023177329,-0.04430782157309543,mw,0.004805306375957248,earthquake,reviewed,1917,10,6,4,47,59,5
40.215,19.96,-0.4769683023177329,-0.48281770327835927,mw,-0.028262740715373314,earthquake,reviewed,1917,10,6,4,1,0,5
37.758,57.713,-0.43051682492740795,0.8535933647757777,mw,0.07172268385266327,earthquake,reviewed,1917,11,28,14,42,38,2
37.226,20.248,-0.43051682492740795,0.7700676730223941,mw,0.0654240082162194,earthquake,reviewed,1917,11,28,10,21,13,2
12.787,143.405,-0.43051682492740795,1.7514945511246527,mw,0.13943344694443455,earthquake,reviewed,1917,11,24,11,10,55,5
5.409,126.594,0.033997948975841866,2.461462931028413,mw,0.18503833370355377,earthquake,reviewed,1917,11,16,22,17,3,4
-29.849,-177.839,-0.244710915366108,4.299028149602852,mw,0.32836951139571047,earthquake,reviewed,1917,11,16,3,19,35,4
53.234,171.648,-0.244710915366108,1.4382732070494635,mw,0.11263987084750886,earthquake,reviewed,1917,11,14,9,17,32,2
8.832,115.847,-0.244710915366108,0.9788819024058542,mw,0.07799715484706743,earthquake,reviewed,1917,11,13,19,59,37,1
43.631,13.656,-0.43051682492740795,-0.06518924451144088,mw,0.0024372518517810924,earthquake,reviewed,1917,11,5,22,46,34,0
2.705,96.513,-0.43051682492740795,3.108787042117135,mw,0.24178692603664728,earthquake,reviewed,1917,11,4,12,3,34,6
15.533,-96.755,-0.38406534753708294,3.6308226155757826,mw,0.2803602631493561,earthquake,reviewed,1917,12,29,22,50,39,5
37.54,21.518,-0.43051682492740795,0.01833644724194279,mw,0.008735927488224606,earthquake,reviewed,1917,12,27,7,42,23,3
57.806,-154.232,-0.244710915366108,0.8327119418374322,mw,0.06697447248329093,earthquake,reviewed,1917,12,26,13,31,39,2
38.327,21.731,-0.43051682492740795,0.9371190565291614,mw,0.07802135948910678,earthquake,reviewed,1917,12,24,9,13,57,0
55.631,-152.659,-0.43051682492740795,1.5009174758645016,mw,0.12053742003510332,earthquake,reviewed,1917,12,21,20,52,15,4
56.449,-152.838,-0.43051682492740795,2.4823443539667585,mw,0.19454685876331812,earthquake,reviewed,1917,12,21,17,54,32,4
44.092,11.818,-0.43051682492740795,-0.19047778214151734,mw,-0.0070107616028848825,earthquake,reviewed,1917,12,2,17,39,7,6
38.563,21.748,-0.43051682492740795,-0.10695209038813365,mw,-0.00071208596644137,earthquake,reviewed,1918,1,27,12,56,46,6
71.826,-0.19,-0.43051682492740795,0.22715067662540106,mw,0.024482616579334093,earthquake,reviewed,1918,1,27,2,51,7,6
14.927,-90.131,-0.43051682492740795,2.002071626384804,mw,0.1583294738537665,earthquake,reviewed,1918,1,25,1,21,3,4
-0.197,134.11,-0.337613870146758,1.9811902034464564,mw,0.15516803371452437,earthquake,reviewed,1918,1,21,19,45,30,0
38.614,30.855,-0.43051682492740795,0.22715067662540106,mw,0.024482616579334093,earthquake,reviewed,1918,1,16,16,32,34,2
38.246,30.486,-0.43051682492740795,1.125051862974276,mw,0.09219337967110573,earthquake,reviewed,1918,1,16,7,13,19,2
-5.963,153.235,-0.43051682492740795,1.2503404006043506,mw,0.10164139312577136,earthquake,reviewed,1918,1,4,15,49,5,4
14.934,-90.385,-0.4769683023177329,1.6470874364329235,mw,0.13235348801394545,earthquake,reviewed,1918,1,4,4,32,43,4
-18.027,168.031,-0.244710915366108,1.7306131281863055,mw,0.1346852355750622,earthquake,reviewed,1918,2,19,16,19,48,1
25.07,129.086,-0.43051682492740795,1.5844431676178854,mw,0.12683609567154683,earthquake,reviewed,1918,2,13,20,25,15,2
23.609,117.004,-0.43051682492740795,4.027569651404356,mw,0.3110723580375295,earthquake,reviewed,1918,2,13,6,7,16,2
-5.561,102.903,-0.337613870146758,1.8976645116930728,mw,0.14886935807808085,earthquake,reviewed,1918,2,13,2,31,43,2
-1.43,-12.574,-0.4769683023177329,1.417391784111118,mw,0.11503213001372437,earthquake,reviewed,1918,2,12,22,46,45,1
0.26,96.847,-0.43051682492740795,1.5426803217411926,mw,0.12368675785332507,earthquake,reviewed,1918,2,12,3,0,34,1
39.227,23.779,-0.43051682492740795,0.6447791353923195,mw,0.05597599476155377,earthquake,reviewed,1918,2,9,12,28,39,5
6.992,126.059,-0.244710915366108,3.046142773302099,mw,0.23388937684905284,earthquake,reviewed,1918,2,7,5,20,20,3
36.856,94.7,-0.43051682492740795,1.3756289382344253,mw,0.11108940658043734,earthquake,reviewed,1918,2,4,17,54,50,0
24.985,122.098,-0.43051682492740795,1.91854593463142,mw,0.1520307982173223,earthquake,reviewed,1918,3,27,3,52,19,2
35.145,57.992,-0.43051682492740795,1.6679688593712692,mw,0.13313477130799103,earthquake,reviewed,1918,3,24,23,15,11,6
39.048,104.031,-0.43051682492740795,0.9997633253441996,mw,0.08274536621644012,earthquake,reviewed,1918,3,22,5,53,9,4
-12.535,166.028,-0.43051682492740795,2.106478741076533,mw,0.16620281839932088,earthquake,reviewed,1918,3,19,5,55,25,1
35.254,27.318,-0.43051682492740795,0.6030162895156286,mw,0.05282665694333166,earthquake,reviewed,1918,3,17,13,45,10,6
10.093,-80.651,-0.43051682492740795,0.6865419812690103,mw,0.05912533257977553,earthquake,reviewed,1918,4,27,14,44,13,5
39.928,20.242,-0.43051682492740795,-0.23224062801820824,mw,-0.01016009942110664,earthquake,reviewed,1918,4,27,10,53,1,5
38.118,44.001,-0.43051682492740795,0.623897712453974,mw,0.054401325852442894,earthquake,reviewed,1918,4,25,2,22,57,3
45.829,9.504,-0.43051682492740795,-0.816920470291894,mw,-0.054250828876214054,earthquake,reviewed,1918,4,24,14,21,25,2
33.762,-116.972,-0.4769683023177329,2.6285143145351806,mw,0.20636292674216025,earthquake,reviewed,1918,4,21,22,32,30,6
49.761,-130.156,-0.43051682492740795,1.2085775547276578,mw,0.0984920553075496,earthquake,reviewed,1918,4,17,6,44,10,2
-4.967,85.54,-0.4769683023177329,1.7932573970013437,mw,0.14337617037772193,earthquake,reviewed,1918,4,13,0,51,22,5
-30.409,-92.268,-0.4769683023177329,2.7955656980419477,mw,0.21896027801504797,earthquake,reviewed,1918,5,25,19,29,16,5
27.58,-111.087,-0.4769683023177329,3.2758384256239026,mw,0.2551776629246003,earthquake,reviewed,1918,5,23,11,57,40,3
-2.268,153.171,-0.43051682492740795,3.192312733870519,mw,0.2480856016730908,earthquake,reviewed,1918,5,20,18,3,40,0
-29.178,-71.93,-0.38406534753708294,3.0879056191787897,mw,0.23941887151247113,earthquake,reviewed,1918,5,20,17,55,7,0
7.409,-34.906,-0.43051682492740795,3.79787399908255,mw,0.2937510000373091,earthquake,reviewed,1918,5,20,14,36,6,0
19.236,-102.32,0.033997948975841866,0.9371190565291614,mw,0.07008750333845365,earthquake,reviewed,1918,5,16,21,25,42,3
21.569,120.041,-0.43051682492740795,1.9394273575697656,mw,0.15360546712643317,earthquake,reviewed,1918,5,4,6,6,11,5
54.765,-159.989,-0.244710915366108,1.2085775547276578,mw,0.09531851284728815,earthquake,reviewed,1918,6,27,21,29,42,3
-16.296,168.498,-0.43051682492740795,0.9788819024058542,mw,0.08117069730732923,earthquake,reviewed,1918,6,26,21,30,5,2
34.447,140.42,-0.244710915366108,0.9162376335908159,mw,0.07327314811973479,earthquake,reviewed,1918,6,26,13,46,0,2
-2.148,152.657,-0.337613870146758,1.960308780508111,mw,0.1535933648054135,earthquake,reviewed,1918,6,24,14,47,8,0
9.309,-83.905,-0.43051682492740795,0.9371190565291614,mw,0.07802135948910678,earthquake,reviewed,1918,6,22,22,5,45,5
13.186,-80.904,-0.43051682492740795,0.7909490959607414,mw,0.06699867712533063,earthquake,reviewed,1918,6,16,12,27,50,6
-7.754,156.791,-0.43051682492740795,1.8976645116930728,mw,0.1504561293082114,earthquake,reviewed,1918,6,16,5,11,8,6
15.295,-88.498,-0.43051682492740795,0.9997633253441996,mw,0.08274536621644012,earthquake,reviewed,1918,6,13,8,58,47,3
19.426,-62.007,-0.43051682492740795,1.125051862974276,mw,0.09219337967110573,earthquake,reviewed,1918,6,11,12,36,36,1
3.273,128.72,-0.244710915366108,1.2085775547276578,mw,0.09531851284728815,earthquake,reviewed,1918,6,8,20,13,29,5
18.595,-102.471,-0.012453528414483116,2.148241586953224,mw,0.16221168568195515,earthquake,reviewed,1918,6,7,21,27,26,4
-21.75,174.661,-0.244710915366108,1.0206447482825451,mw,0.08114649266528953,earthquake,reviewed,1918,6,5,22,29,30,2
-16.309,-178.501,-0.43051682492740795,2.0855973181381873,mw,0.16462814949021,earthquake,reviewed,1918,6,4,17,12,1,1
-6.45,146.157,-0.43051682492740795,2.1273601640148785,mw,0.16777748730843178,earthquake,reviewed,1918,6,4,4,3,34,1
-1.004,-19.149,-0.4769683023177329,2.5241071998434514,mw,0.19848958219660587,earthquake,reviewed,1918,6,3,0,3,17,0
-3.02,143.785,-0.43051682492740795,2.712040006288564,mw,0.21186821676353917,earthquake,reviewed,1918,7,29,16,50,20,0
35.73,142.234,-0.43051682492740795,1.6262060134945764,mw,0.12998543348976857,earthquake,reviewed,1918,7,25,20,50,9,3
-19.3,173.2,-0.43051682492740795,1.5217988988028472,mw,0.12211208894421419,earthquake,reviewed,1918,7,24,10,52,49,2
-6.793,155.794,-0.43051682492740795,1.2294589776660052,mw,0.10006672421666048,earthquake,reviewed,1918,7,21,9,44,42,6
-7.337,155.525,-0.38406534753708294,2.6076328915968348,mw,0.2032014866029188,earthquake,reviewed,1918,7,21,6,9,45,6
36.594,27.036,-0.43051682492740795,1.0206447482825451,mw,0.08432003512555099,earthquake,reviewed,1918,7,16,20,3,39,1
41.325,-124.72,-0.43051682492740795,2.2108858557682622,mw,0.174076162944876,earthquake,reviewed,1918,7,15,0,23,12,0
38.425,21.836,-0.43051682492740795,-0.1278335133264791,mw,-0.002286754875552248,earthquake,reviewed,1918,7,11,9,48,8,3
24.656,90.801,-0.43051682492740795,3.5472969238223993,mw,0.27485497312797713,earthquake,reviewed,1918,7,8,10,22,8,0
37.583,29.18,-0.43051682492740795,0.3942020601321684,mw,0.037079967852221826,earthquake,reviewed,1918,7,4,11,25,37,3
-3.094,143.573,-0.43051682492740795,4.466079533109619,mw,0.34414040512886,earthquake,reviewed,1918,7,3,6,52,8,2
35.197,26.364,-0.244710915366108,0.2689135225020938,mw,0.02445841193729474,earthquake,reviewed,1918,7,1,11,2,8,0
8.945,126.478,-0.244710915366108,2.7329214292269097,mw,0.21026934321238896,earthquake,reviewed,1918,7,1,6,8,35,0
41.082,34.76,-0.43051682492740795,0.7074234042073577,mw,0.06070000148888641,earthquake,reviewed,1918,8,29,6,39,45,3
-10.783,164.917,-0.43051682492740795,2.920854235672022,mw,0.22761490585464866,earthquake,reviewed,1918,8,23,6,36,44,4
-11.597,43.282,-0.4769683023177329,1.5844431676178854,mw,0.1276294812866121,earthquake,reviewed,1918,8,23,6,7,20,4
4.367,123.321,-0.43051682492740795,1.417391784111118,mw,0.1142387443986591,earthquake,reviewed,1918,8,18,6,4,58,6
-19.379,-70.111,-0.244710915366108,2.0229530493231493,mw,0.15673060030261557,earthquake,reviewed,1918,8,17,6,53,38,5
6.02,123.726,-0.244710915366108,1.7723759740629983,mw,0.13783457339328434,earthquake,reviewed,1918,8,16,8,35,52,4
5.382,124.671,-0.244710915366108,1.166814708850967,mw,0.0921691750290664,earthquake,reviewed,1918,8,16,3,25,40,4
5.232,125.751,-0.43051682492740795,2.712040006288564,mw,0.21186821676353917,earthquake,reviewed,1918,8,15,17,30,11,3
5.213,124.261,-0.244710915366108,2.106478741076533,mw,0.16302927593905978,earthquake,reviewed,1918,8,15,15,26,20,3
5.538,123.994,-0.38406534753708294,5.969541984670526,mw,0.4567231809697836,earthquake,reviewed,1918,8,15,12,18,24,3
43.291,5.983,-0.43051682492740795,-0.10695209038813365,mw,-0.00071208596644137,earthquake,reviewed,1918,8,11,13,23,34,6
43.392,8.244,-0.43051682492740795,0.060099293118633705,mw,0.011885265306446362,earthquake,reviewed,1918,8,10,18,44,35,5
41.168,34.728,-0.43051682492740795,0.6447791353923195,mw,0.05597599476155377,earthquake,reviewed,1918,8,9,0,39,1,4
-5.2,152.367,-0.244710915366108,2.6076328915968348,mw,0.200821329757723,earthquake,reviewed,1918,8,8,9,48,4,3
-31.068,-177.446,-0.43051682492740795,1.5009174758645016,mw,0.12053742003510332,earthquake,reviewed,1918,8,5,1,37,19,0
35.075,35.462,-0.43051682492740795,1.960308780508111,mw,0.15518013603554404,earthquake,reviewed,1918,9,29,12,7,15,6
-1.457,100.09,-0.244710915366108,2.2317672787066076,mw,0.17247728939372506,earthquake,reviewed,1918,9,22,9,55,0,6
45.224,151.124,-0.43051682492740795,2.2108858557682622,mw,0.174076162944876,earthquake,reviewed,1918,9,14,17,4,57,5
21.158,120.289,-0.337613870146758,1.2085775547276578,mw,0.09690528407741905,earthquake,reviewed,1918,9,13,11,3,15,4
46.002,151.307,-0.10535648319513308,0.874474787714125,mw,0.06774365345631685,earthquake,reviewed,1918,9,12,13,16,3,3
44.42,153.321,-0.43051682492740795,1.6470874364329235,mw,0.1315601023988798,earthquake,reviewed,1918,9,8,5,40,33,6
44.998,152.32,-0.43051682492740795,5.551913525903606,mw,0.4260231884026299,earthquake,reviewed,1918,9,7,17,16,27,5
34.931,23.773,-0.244710915366108,-0.2531220509565537,mw,-0.01490831079047933,earthquake,reviewed,1918,9,6,12,32,30,4
5.501,125.465,-0.43051682492740795,1.3965103611727725,mw,0.11266407548954821,earthquake,reviewed,1918,9,5,7,5,34,3
-3.029,146.265,-0.43051682492740795,1.7306131281863055,mw,0.13785877803532368,earthquake,reviewed,1918,9,2,14,14,56,0
-1.505,149.511,-0.43051682492740795,3.7561111532058593,mw,0.29060166221908734,earthquake,reviewed,1918,10,27,17,6,40,6
-10.58,161.452,-0.244710915366108,2.899972812733677,mw,0.222866694485276,earthquake,reviewed,1918,10,27,15,27,16,6
18.441,-67.214,-0.43051682492740795,1.8976645116930728,mw,0.1504561293082114,earthquake,reviewed,1918,10,25,3,42,59,4
13.867,-90.111,-0.244710915366108,2.002071626384804,mw,0.1551559313935047,earthquake,reviewed,1918,10,19,3,23,3,5
18.707,-67.32,-0.43051682492740795,0.7283048271457031,mw,0.062274670397997285,earthquake,reviewed,1918,10,18,21,33,42,4
-9.082,123.376,-0.244710915366108,2.1273601640148785,mw,0.16460394484817067,earthquake,reviewed,1918,10,16,20,4,54,2
-20.651,-174.109,-0.291162392756433,1.8559016658163818,mw,0.14492663464479347,earthquake,reviewed,1918,10,14,12,0,14,0
19.176,-66.646,-0.43051682492740795,0.9162376335908159,mw,0.0764466905799959,earthquake,reviewed,1918,10,14,0,24,48,0
18.563,-66.565,-0.337613870146758,0.7283048271457031,mw,0.06068789916786673,earthquake,reviewed,1918,10,12,8,19,42,5
18.551,-67.232,-0.43051682492740795,1.3756289382344253,mw,0.11108940658043734,earthquake,reviewed,1918,10,11,17,3,43,4
18.7,-67.189,-0.43051682492740795,3.4637712320690155,mw,0.26855629749153365,earthquake,reviewed,1918,10,11,14,14,41,4
28.558,81.883,-0.43051682492740795,1.56356174467954,mw,0.12526142676243596,earthquake,reviewed,1918,11,29,10,41,47,4
46.751,-28.195,-0.4769683023177329,0.3942020601321684,mw,0.0378733534672871,earthquake,reviewed,1918,11,25,2,14,16,0
-6.794,129.109,-0.43051682492740795,2.7329214292269097,mw,0.21344288567265007,earthquake,reviewed,1918,11,23,22,57,42,5
45.261,154.582,-0.43051682492740795,1.70973170524796,mw,0.1362841091262128,earthquake,reviewed,1918,11,22,15,48,28,4
47.577,158.353,-0.43051682492740795,1.3547475152960797,mw,0.10951473767132645,earthquake,reviewed,1918,11,14,16,7,31,3
38.265,27.926,-0.43051682492740795,0.2689135225020938,mw,0.027631954397556554,earthquake,reviewed,1918,11,13,10,13,21,2
18.637,-67.18,-0.43051682492740795,1.417391784111118,mw,0.1142387443986591,earthquake,reviewed,1918,11,12,21,44,45,1
36.172,137.827,-0.43051682492740795,1.3756289382344253,mw,0.11108940658043734,earthquake,reviewed,1918,11,11,7,3,14,0
43.988,12.096,-0.43051682492740795,0.8327119418374322,mw,0.07014801494355238,earthquake,reviewed,1918,11,10,15,11,59,6
44.83,151.993,-0.43051682492740795,4.988115106568267,mw,0.3835071278566341,earthquake,reviewed,1918,11,8,4,38,9,4
45.093,12.794,-0.43051682492740795,0.24803209956374653,mw,0.026057285488445325,earthquake,reviewed,1918,11,6,19,26,5,2
-49.597,163.536,-0.43051682492740795,2.6285143145351806,mw,0.20556954112709497,earthquake,reviewed,1918,11,3,11,13,58,6
-1.386,-14.573,-0.4769683023177329,1.6888502823096145,mw,0.1355028258321672,earthquake,reviewed,1918,12,28,18,3,36,5
-0.625,-72.256,-0.244710915366108,1.5844431676178854,mw,0.12366255321128572,earthquake,reviewed,1918,12,21,9,24,55,5
18.197,91.021,-0.43051682492740795,1.312984669419389,mw,0.1063653998531047,earthquake,reviewed,1918,12,16,3,3,31,0
50.04,-176.776,-0.43051682492740795,1.5426803217411926,mw,0.12368675785332507,earthquake,reviewed,1918,12,9,18,52,49,0
50.921,-178.38,-0.244710915366108,1.5844431676178854,mw,0.12366255321128572,earthquake,reviewed,1918,12,9,18,3,44,0
49.858,-126.737,-0.43051682492740795,3.108787042117135,mw,0.24178692603664728,earthquake,reviewed,1918,12,6,8,41,7,4
-26.697,-67.881,-0.244710915366108,2.002071626384804,mw,0.1551559313935047,earthquake,reviewed,1918,12,4,17,42,0,2
-26.462,-70.65,-0.19825943797578305,5.3639807194584925,mw,0.4078842401453042,earthquake,reviewed,1918,12,4,11,47,51,2
11.466,-43.625,-0.4769683023177329,3.3802455403156317,mw,0.26305100747015536,earthquake,reviewed,1918,12,2,9,47,34,0
38.389,72.767,-0.38406534753708294,2.503225776905104,mw,0.1953281420573637,earthquake,reviewed,1918,12,1,2,35,19,6
-4.646,101.454,-0.244710915366108,1.814138819939689,mw,0.14098391121150608,earthquake,reviewed,1919,1,18,5,52,25,5
15.799,-99.847,-0.43051682492740795,1.5009174758645016,mw,0.12053742003510332,earthquake,reviewed,1919,1,17,11,49,53,4
-11.093,161.317,-0.244710915366108,2.565870045720142,mw,0.19767199193950052,earthquake,reviewed,1919,1,6,22,24,21,0
-26.039,-70.675,-0.244710915366108,2.0438344722614947,mw,0.15830526921172716,earthquake,reviewed,1919,1,5,19,52,34,6
39.775,19.463,-0.43051682492740795,0.2062692536870556,mw,0.022907947670223215,earthquake,reviewed,1919,1,5,15,25,28,6
-19.318,-178.08,3.93592204976314,4.925470837753229,mw,0.3042048733131591,earthquake,reviewed,1919,1,1,3,0,34,2
6.808,126.526,-0.244710915366108,3.693466884390821,mw,0.2827041130314929,earthquake,reviewed,1919,1,1,1,33,50,2
37.022,21.242,-0.43051682492740795,1.5844431676178854,mw,0.12683609567154683,earthquake,reviewed,1919,2,24,1,56,5,0
46.957,153.411,-0.244710915366108,1.6053245905562308,mw,0.1252372221203966,earthquake,reviewed,1919,2,22,4,16,41,5
45.776,151.782,-0.43051682492740795,1.2294589776660052,mw,0.10006672421666048,earthquake,reviewed,1919,2,12,20,47,20,2
45.204,152.915,-0.43051682492740795,1.70973170524796,mw,0.1362841091262128,earthquake,reviewed,1919,2,12,12,41,44,2
71.583,-5.052,-0.4769683023177329,1.312984669419389,mw,0.10715878546816998,earthquake,reviewed,1919,2,2,20,3,5,6
10.547,142.105,-0.43051682492740795,1.7932573970013437,mw,0.14258278476265632,earthquake,reviewed,1919,3,30,10,39,48,6
3.3,127.054,-0.244710915366108,1.2712218235426962,mw,0.10004251957462112,earthquake,reviewed,1919,3,21,17,29,26,4
-6.743,153.888,-0.43051682492740795,1.814138819939689,mw,0.14415745367176755,earthquake,reviewed,1919,3,21,16,1,50,4
14.323,120.049,-0.244710915366108,2.5867514686584876,mw,0.1992466608486114,earthquake,reviewed,1919,3,21,1,2,43,4
8.391,126.416,-0.012453528414483116,2.4823443539667585,mw,0.18740638822773062,earthquake,reviewed,1919,3,16,7,33,21,6
-41.422,-74.365,-0.43051682492740795,2.941735658610368,mw,0.22918957476375956,earthquake,reviewed,1919,3,9,3,16,58,6
-43.038,-71.306,-0.43051682492740795,3.6308226155757826,mw,0.28115364876442134,earthquake,reviewed,1919,3,2,11,45,15,6
-43.814,-78.294,-0.43051682492740795,3.8396368449592426,mw,0.2969003378555308,earthquake,reviewed,1919,3,2,3,26,35,6
13.807,-89.937,-0.244710915366108,1.56356174467954,mw,0.12208788430217483,earthquake,reviewed,1919,4,28,6,46,7,0
12.351,120.429,-0.43051682492740795,2.357055816336684,mw,0.18509884530865284,earthquake,reviewed,1919,4,27,0,21,59,6
-7.831,107.03,-0.244710915366108,1.2085775547276578,mw,0.09531851284728815,earthquake,reviewed,1919,4,24,17,10,45,3
-19.677,-174.969,-0.244710915366108,1.6888502823096145,mw,0.13153589775684046,earthquake,reviewed,1919,4,23,7,5,28,2
-0.985,147.843,-0.244710915366108,2.106478741076533,mw,0.16302927593905978,earthquake,reviewed,1919,4,22,2,43,47,1
8.91,-40.473,-0.4769683023177329,2.8790913897953314,mw,0.2252589536514922,earthquake,reviewed,1919,4,21,11,26,11,0
18.437,-107.329,-0.4769683023177329,1.960308780508111,mw,0.15597352165060932,earthquake,reviewed,1919,4,18,21,1,0,4
45.724,25.115,-0.244710915366108,-0.04430782157309543,mw,0.0008383783006305106,earthquake,reviewed,1919,4,18,6,20,10,4
14.078,-91.723,-0.244710915366108,3.1714313109321735,mw,0.24333739030371881,earthquake,reviewed,1919,4,17,20,53,7,3
-30.58,-177.991,-0.244710915366108,3.6308226155757826,mw,0.27798010630415954,earthquake,reviewed,1919,4,17,11,22,9,3
-38.957,-17.241,-0.4769683023177329,1.814138819939689,mw,0.1449508392868328,earthquake,reviewed,1919,4,16,3,14,6,2
-5.493,104.489,-0.38406534753708294,1.8976645116930728,mw,0.14966274369314614,earthquake,reviewed,1919,4,2,0,34,59,2
31.121,101.592,-0.43051682492740795,2.252648701644953,mw,0.17722550076309776,earthquake,reviewed,1919,5,29,11,0,7,3
54.119,160.937,-0.15180796058545806,1.4382732070494635,mw,0.1110530996173783,earthquake,reviewed,1919,5,27,17,27,13,1
37.378,35.801,-0.43051682492740795,0.5612534436389358,mw,0.04967731912510956,earthquake,reviewed,1919,5,27,10,34,27,1
31.138,70.25,-0.43051682492740795,2.148241586953224,mw,0.16935215621754265,earthquake,reviewed,1919,5,23,6,11,5,4
51.625,-177.392,-0.244710915366108,1.5009174758645016,mw,0.1173638775748415,earthquake,reviewed,1919,5,22,11,52,43,3
22.647,124.772,-0.43051682492740795,1.6053245905562308,mw,0.1284107645806577,earthquake,reviewed,1919,5,16,1,0,7,4
-16.917,-177.637,-0.43051682492740795,1.70973170524796,mw,0.1362841091262128,earthquake,reviewed,1919,5,8,10,8,8,3
-5.669,153.594,-0.244710915366108,1.960308780508111,mw,0.15200659357528293,earthquake,reviewed,1919,5,7,5,13,54,2
-4.806,153.859,-0.244710915366108,5.656320640595337,mw,0.4307229904879232,earthquake,reviewed,1919,5,6,19,41,13,1
-14.853,-172.623,-0.43051682492740795,1.3756289382344253,mw,0.11108940658043734,earthquake,reviewed,1919,5,6,4,9,48,1
40.655,145.626,-0.43051682492740795,4.737538031308116,mw,0.36461110094730215,earthquake,reviewed,1919,5,3,0,52,3,5
-17.316,-173.643,-0.337613870146758,2.4823443539667585,mw,0.19296008753318755,earthquake,reviewed,1919,5,2,2,7,30,4
-11.166,33.049,-0.43051682492740795,2.2735301245833,mw,0.17880016967220863,earthquake,reviewed,1919,5,1,5,5,39,3
12.32,-88.301,-0.38406534753708294,2.544988622781797,mw,0.19847747987558548,earthquake,reviewed,1919,6,29,23,14,13,6
43.949,11.454,-0.43051682492740795,1.6470874364329235,mw,0.1315601023988798,earthquake,reviewed,1919,6,29,15,6,13,6
17.296,120.276,-0.43051682492740795,1.6470874364329235,mw,0.1315601023988798,earthquake,reviewed,1919,6,24,18,34,38,1
41.343,144.645,-0.43051682492740795,1.5844431676178854,mw,0.12683609567154683,earthquake,reviewed,1919,6,23,6,26,14,0
41.164,34.098,-0.43051682492740795,1.0206447482825451,mw,0.08432003512555099,earthquake,reviewed,1919,6,9,15,47,12,0
41.17,32.979,-0.43051682492740795,1.417391784111118,mw,0.1142387443986591,earthquake,reviewed,1919,6,9,7,13,52,0
39.268,75.703,-0.38406534753708294,2.544988622781797,mw,0.19847747987558548,earthquake,reviewed,1919,7,24,2,3,32,3
11.661,-87.748,-0.43051682492740795,1.3756289382344253,mw,0.11108940658043734,earthquake,reviewed,1919,7,22,22,1,10,1
33.513,27.729,-0.43051682492740795,0.08098071605698101,mw,0.013459934215557592,earthquake,reviewed,1919,7,18,7,0,56,4
12.507,-91.383,-0.43051682492740795,1.2503404006043506,mw,0.10164139312577136,earthquake,reviewed,1919,7,17,16,19,50,3
26.599,126.533,-0.43051682492740795,1.5217988988028472,mw,0.12211208894421419,earthquake,reviewed,1919,7,17,9,48,36,3
44.392,147.627,0.12690090375649182,1.166814708850967,mw,0.08582209010854382,earthquake,reviewed,1919,7,16,4,9,30,2
51.572,179.795,-0.244710915366108,1.6470874364329235,mw,0.12838655993861836,earthquake,reviewed,1919,7,14,13,45,2,0
58.109,-32.856,-0.4769683023177329,0.14362498487201739,mw,0.018977326557955858,earthquake,reviewed,1919,7,12,22,28,30,5
7.684,-71.867,-0.43051682492740795,1.6262060134945764,mw,0.12998543348976857,earthquake,reviewed,1919,7,11,0,30,40,4
18.865,-106.957,-0.4769683023177329,1.3756289382344253,mw,0.11188279219550261,earthquake,reviewed,1919,7,9,19,19,51,2
-8.11,31.556,-0.43051682492740795,3.192312733870519,mw,0.2480856016730908,earthquake,reviewed,1919,7,8,21,6,14,1
-25.092,41.331,-0.4769683023177329,1.4800360529261563,mw,0.11975613674105771,earthquake,reviewed,1919,7,4,13,27,35,4
-3.028,127.391,-0.43051682492740795,3.254957002685557,mw,0.25280960840042416,earthquake,reviewed,1919,8,29,5,44,3,4
21.327,146.174,-0.244710915366108,1.9394273575697656,mw,0.15043192466617206,earthquake,reviewed,1919,8,27,5,21,36,2
33.22,99.142,-0.43051682492740795,2.1900044328299164,mw,0.17250149403576512,earthquake,reviewed,1919,8,25,19,55,14,0
40.61,22.739,-0.4769683023177329,0.37332063719382297,mw,0.036298684558176225,earthquake,reviewed,1919,8,22,22,36,1,4
40.437,37.181,-0.43051682492740795,0.6030162895156286,mw,0.05282665694333166,earthquake,reviewed,1919,8,19,20,18,3,1
35.161,141.704,-0.43051682492740795,2.1273601640148785,mw,0.16777748730843178,earthquake,reviewed,1919,8,3,18,8,57,6
6.864,124.214,-0.244710915366108,2.41970008515172,mw,0.18664930957572437,earthquake,reviewed,1919,9,26,19,39,43,4
17.519,119.987,-0.244710915366108,2.649395737473526,mw,0.20397066757594473,earthquake,reviewed,1919,9,26,9,6,55,4
21.219,-106.108,-0.43051682492740795,1.6470874364329235,mw,0.1315601023988798,earthquake,reviewed,1919,9,15,17,31,15,0
-17.059,-74.034,-0.291162392756433,2.544988622781797,mw,0.1968907086454549,earthquake,reviewed,1919,9,13,12,19,23,5
44.596,153.804,-0.43051682492740795,1.5009174758645016,mw,0.12053742003510332,earthquake,reviewed,1919,9,12,13,49,16,4
-41.589,176.635,-0.43051682492740795,1.814138819939689,mw,0.14415745367176755,earthquake,reviewed,1919,9,12,6,6,4,4
42.679,11.721,-0.43051682492740795,0.060099293118633705,mw,0.011885265306446362,earthquake,reviewed,1919,9,10,16,57,14,2
37.945,-0.964,-0.43051682492740795,-0.33664774270993736,mw,-0.018033443966661736,earthquake,reviewed,1919,9,10,10,56,45,2
37.994,-0.873,-0.43051682492740795,0.08098071605698101,mw,0.013459934215557592,earthquake,reviewed,1919,9,10,10,40,25,2
19.49,-64.502,-0.43051682492740795,1.56356174467954,mw,0.12526142676243596,earthquake,reviewed,1919,9,6,9,29,50,5
-62.739,-116.825,-0.4769683023177329,2.0438344722614947,mw,0.16227219728705353,earthquake,reviewed,1919,9,1,19,12,34,0
36.512,25.872,-0.43051682492740795,1.2294589776660052,mw,0.10006672421666048,earthquake,reviewed,1919,10,25,17,10,7,5
43.402,12.022,-0.43051682492740795,-0.48281770327835927,mw,-0.029056126330438588,earthquake,reviewed,1919,10,25,13,51,16,5
26.556,63.555,-0.244710915366108,0.6865419812690103,mw,0.055951790119514073,earthquake,reviewed,1919,10,24,20,32,22,4
41.295,12.673,-0.43051682492740795,0.5403720207005903,mw,0.04810265021599868,earthquake,reviewed,1919,10,22,6,5,57,2
-4.296,101.465,-0.337613870146758,2.2944115475216456,mw,0.17878806735118896,earthquake,reviewed,1919,10,12,21,48,27,6
40.696,139.269,-0.43051682492740795,2.0229530493231493,mw,0.15990414276287737,earthquake,reviewed,1919,10,11,13,17,32,5
49.962,-125.623,-0.43051682492740795,1.70973170524796,mw,0.1362841091262128,earthquake,reviewed,1919,10,10,1,7,8,4
17.93,-45.291,-0.4769683023177329,0.7283048271457031,mw,0.06306805601306256,earthquake,reviewed,1919,10,8,22,35,27,2
-2.389,143.756,-0.43051682492740795,2.0855973181381873,mw,0.16462814949021,earthquake,reviewed,1919,10,8,4,40,44,2
2.61,82.568,-0.4769683023177329,1.2294589776660052,mw,0.10086010983172576,earthquake,reviewed,1919,10,4,17,50,15,5
-16.845,-179.778,-0.43051682492740795,2.106478741076533,mw,0.16620281839932088,earthquake,reviewed,1919,10,3,9,37,24,4
41.52,0.563,-0.43051682492740795,-0.19047778214151734,mw,-0.0070107616028848825,earthquake,reviewed,1919,11,29,0,25,28,5
56.439,-35.205,-0.4769683023177329,0.9997633253441996,mw,0.08353875183150539,earthquake,reviewed,1919,11,28,14,8,14,4
6.671,138.001,-0.43051682492740795,2.0229530493231493,mw,0.15990414276287737,earthquake,reviewed,1919,11,23,5,56,54,6
-12.448,166.369,-0.012453528414483116,2.6076328915968348,mw,0.1968544016823959,earthquake,reviewed,1919,11,20,14,11,27,3
39.176,27.652,-0.4769683023177329,3.254957002685557,mw,0.2536029940154894,earthquake,reviewed,1919,11,18,21,54,41,1
-6.711,131.814,-0.244710915366108,2.712040006288564,mw,0.20869467430327737,earthquake,reviewed,1919,11,18,3,58,39,1
14.627,-58.665,-0.43051682492740795,1.2921032464810416,mw,0.10479073094399347,earthquake,reviewed,1919,11,6,7,13,11,3
44.936,34.902,-0.43051682492740795,0.8118305188990869,mw,0.06857334603444151,earthquake,reviewed,1919,12,25,21,42,21,3
40.208,20.961,-0.4769683023177329,1.3756289382344253,mw,0.11188279219550261,earthquake,reviewed,1919,12,22,23,41,4,0
22.529,121.787,-0.38406534753708294,4.0902139202193935,mw,0.3150029791497975,earthquake,reviewed,1919,12,20,20,37,34,5
22.779,121.845,-0.43051682492740795,2.7955656980419477,mw,0.2181668923999827,earthquake,reviewed,1919,12,20,19,34,5,5
3.156,-77.469,-0.244710915366108,1.8976645116930728,mw,0.14728258684794995,earthquake,reviewed,1920,1,30,18,26,47,4
40.059,138.614,-0.43051682492740795,0.874474787714125,mw,0.07329735276177414,earthquake,reviewed,1920,1,17,18,48,9,5
-5.883,151.501,-0.43051682492740795,1.6262060134945764,mw,0.12998543348976857,earthquake,reviewed,1920,1,14,14,38,25,2
23.239,144.145,-0.43051682492740795,1.2503404006043506,mw,0.10164139312577136,earthquake,reviewed,1920,1,12,13,39,54,0
42.074,29.509,-0.43051682492740795,0.5612534436389358,mw,0.04967731912510956,earthquake,reviewed,1920,1,9,11,58,54,4
19.062,-96.739,-0.43051682492740795,1.8350202428780364,mw,0.14573212258087878,earthquake,reviewed,1920,1,4,4,22,16,6
-14.378,-73.316,-0.43051682492740795,2.2317672787066076,mw,0.17565083185398686,earthquake,reviewed,1920,2,28,18,40,51,5
29.331,66.074,-0.43051682492740795,1.3756289382344253,mw,0.11108940658043734,earthquake,reviewed,1920,2,27,3,51,37,4
35.266,9.301,-0.43051682492740795,0.08098071605698101,mw,0.013459934215557592,earthquake,reviewed,1920,2,25,17,56,28,2
41.288,45.632,-0.43051682492740795,1.814138819939689,mw,0.14415745367176755,earthquake,reviewed,1920,2,20,11,44,40,4
41.926,45.617,-0.43051682492740795,1.1041704400359287,mw,0.0906187107619945,earthquake,reviewed,1920,2,20,0,1,48,4
18.616,-67.384,-0.43051682492740795,2.002071626384804,mw,0.1583294738537665,earthquake,reviewed,1920,2,10,22,7,18,1
-35.809,109.537,-0.43051682492740795,1.960308780508111,mw,0.15518013603554404,earthquake,reviewed,1920,2,8,5,24,28,6
57.496,-32.97,-0.4769683023177329,1.062407594159238,mw,0.08826275855883803,earthquake,reviewed,1920,2,7,11,50,42,5
-4.967,152.017,-0.244710915366108,4.946352260691574,mw,0.3771842475781505,earthquake,reviewed,1920,2,2,11,22,24,0
50.987,-127.308,-0.43051682492740795,2.06471589519984,mw,0.16305348058109914,earthquake,reviewed,1920,3,29,5,7,59,0
16.145,-93.521,-0.43051682492740795,1.5009174758645016,mw,0.12053742003510332,earthquake,reviewed,1920,3,23,15,21,52,1
-35.848,-110.726,-0.4769683023177329,3.1714313109321735,mw,0.2473043183790452,earthquake,reviewed,1920,3,20,18,31,25,5
40.199,-122.712,-0.43051682492740795,0.2062692536870556,mw,0.022907947670223215,earthquake,reviewed,1920,3,20,17,48,39,5
1.587,95.56,-0.43051682492740795,1.6679688593712692,mw,0.13313477130799103,earthquake,reviewed,1920,3,17,18,37,5,2
-20.19,177.116,-0.43051682492740795,2.3152929704599914,mw,0.18194950749043037,earthquake,reviewed,1920,3,15,12,5,21,0
17.101,-96.927,-0.244710915366108,2.06471589519984,mw,0.15987993812083803,earthquake,reviewed,1920,4,19,21,6,22,0
48.815,151.206,-0.43051682492740795,1.9394273575697656,mw,0.15360546712643317,earthquake,reviewed,1920,4,11,23,3,45,6
36.355,26.732,-0.43051682492740795,0.24803209956374653,mw,0.026057285488445325,earthquake,reviewed,1920,4,2,15,34,21,4
-8.075,148.027,-0.43051682492740795,1.814138819939689,mw,0.14415745367176755,earthquake,reviewed,1920,4,2,1,4,59,4
-14.95,-173.505,-0.244710915366108,2.0229530493231493,mw,0.15673060030261557,earthquake,reviewed,1920,5,26,12,22,3,2
-12.327,166.676,0.1733523811468168,2.816447120980293,mw,0.20942754831324428,earthquake,reviewed,1920,5,20,7,26,6,3
-6.387,125.163,-0.244710915366108,1.70973170524796,mw,0.13311056666595134,earthquake,reviewed,1920,5,19,12,41,45,2
2.511,119.305,-0.244710915366108,1.70973170524796,mw,0.13311056666595134,earthquake,reviewed,1920,5,19,3,10,53,2
64.323,-21.392,-0.4769683023177329,0.5194905977622448,mw,0.04732136692195307,earthquake,reviewed,1920,5,14,17,57,56,4
-3.65,144.0,-0.337613870146758,3.1714313109321735,mw,0.24492416153384935,earthquake,reviewed,1920,5,13,1,48,44,3
37.563,136.416,-0.43051682492740795,1.125051862974276,mw,0.09219337967110573,earthquake,reviewed,1920,5,12,21,53,16,2
-9.365,156.406,-0.43051682492740795,3.213194156808866,mw,0.24966027058220167,earthquake,reviewed,1920,5,7,21,31,16,4
6.804,126.791,-0.244710915366108,3.0879056191787897,mw,0.2370387146672753,earthquake,reviewed,1920,5,7,5,40,51,4
35.92,90.442,-0.43051682492740795,1.7306131281863055,mw,0.13785877803532368,earthquake,reviewed,1920,5,2,8,28,6,6
34.837,27.468,-0.43051682492740795,0.060099293118633705,mw,0.011885265306446362,earthquake,reviewed,1920,5,1,6,34,40,5
-4.885,129.637,-0.43051682492740795,3.1714313109321735,mw,0.24651093276397992,earthquake,reviewed,1920,6,9,11,30,39,2
23.688,121.954,-0.38406534753708294,5.823372024102103,mw,0.44570049860600747,earthquake,reviewed,1920,6,5,4,21,35,5
33.812,26.084,-0.43051682492740795,0.2689135225020938,mw,0.027631954397556554,earthquake,reviewed,1920,7,21,14,29,14,2
-64.578,-115.219,-0.4769683023177329,1.5009174758645016,mw,0.12133080565016859,earthquake,reviewed,1920,7,20,0,21,40,1
4.98,-83.225,-0.43051682492740795,1.125051862974276,mw,0.09219337967110573,earthquake,reviewed,1920,7,16,17,14,14,4
38.879,16.202,-0.43051682492740795,-0.23224062801820824,mw,-0.01016009942110664,earthquake,reviewed,1920,7,11,17,26,46,6
61.264,-140.898,-0.43051682492740795,1.3756289382344253,mw,0.11108940658043734,earthquake,reviewed,1920,7,7,18,41,32,2
-14.645,166.794,-0.43051682492740795,1.8767830887547272,mw,0.14888146039910052,earthquake,reviewed,1920,7,6,3,0,54,1
-0.967,-15.242,-0.4769683023177329,1.1876961317893124,mw,0.097710772013504,earthquake,reviewed,1920,7,4,0,11,49,6
15.16,-94.062,-0.337613870146758,0.8327119418374322,mw,0.06856124371342148,earthquake,reviewed,1920,7,3,16,34,54,5
-4.367,130.046,-0.43051682492740795,1.9811902034464564,mw,0.1567548049446549,earthquake,reviewed,1920,7,2,21,36,47,4
52.394,-169.044,-0.244710915366108,1.56356174467954,mw,0.12208788430217483,earthquake,reviewed,1920,8,26,23,0,1,3
-5.588,151.454,-0.244710915366108,1.5844431676178854,mw,0.12366255321128572,earthquake,reviewed,1920,8,25,21,53,26,2
-37.911,-72.887,-0.43051682492740795,3.150549887993828,mw,0.24493626385486905,earthquake,reviewed,1920,8,20,16,15,42,4
-12.119,166.428,-0.244710915366108,2.5241071998434514,mw,0.19452265412127875,earthquake,reviewed,1920,8,15,8,16,28,6
-18.807,-63.908,-0.43051682492740795,1.2921032464810416,mw,0.10479073094399347,earthquake,reviewed,1920,8,13,2,2,46,4
22.702,-45.954,-0.4769683023177329,0.6865419812690103,mw,0.059918718194840806,earthquake,reviewed,1920,8,12,6,20,53,3
19.596,122.63,-0.43051682492740795,0.7700676730223941,mw,0.0654240082162194,earthquake,reviewed,1920,8,5,19,1,22,3
-27.475,-67.867,-0.43051682492740795,3.317601271500595,mw,0.2575336151277568,earthquake,reviewed,1920,8,3,19,57,22,1
5.901,127.892,-0.43051682492740795,1.7514945511246527,mw,0.13943344694443455,earthquake,reviewed,1920,8,3,3,1,59,1
38.122,27.611,-0.43051682492740795,0.8327119418374322,mw,0.07014801494355238,earthquake,reviewed,1920,9,28,15,17,44,1
6.319,-82.587,-0.43051682492740795,1.7306131281863055,mw,0.13785877803532368,earthquake,reviewed,1920,9,24,21,55,9,4
49.171,155.225,-0.244710915366108,1.814138819939689,mw,0.14098391121150608,earthquake,reviewed,1920,9,23,5,32,47,3
44.854,153.472,-0.43051682492740795,2.106478741076533,mw,0.16620281839932088,earthquake,reviewed,1920,9,21,17,42,12,1
45.373,93.35,-0.4769683023177329,1.2085775547276578,mw,0.09928544092261488,earthquake,reviewed,1920,9,20,23,35,30,0
-19.982,168.478,-0.337613870146758,5.53103210296526,mw,0.42286174826338846,earthquake,reviewed,1920,9,20,14,39,3,0
40.738,21.543,-0.43051682492740795,0.12274356193367193,mw,0.016609272033779703,earthquake,reviewed,1920,9,14,2,8,46,1
-14.92,173.111,-0.43051682492740795,2.169123009891571,mw,0.17092682512665353,earthquake,reviewed,1920,9,9,18,56,2,3
-24.423,-176.349,-0.244710915366108,2.649395737473526,mw,0.20397066757594473,earthquake,reviewed,1920,9,8,1,45,42,2
44.058,10.395,-0.43051682492740795,1.814138819939689,mw,0.14415745367176755,earthquake,reviewed,1920,9,7,5,55,44,1
48.338,151.831,-0.43051682492740795,0.9162376335908159,mw,0.0764466905799959,earthquake,reviewed,1920,9,6,23,16,46,0
44.299,10.621,-0.43051682492740795,0.37332063719382297,mw,0.03550529894311095,earthquake,reviewed,1920,9,6,14,5,31,0
-55.709,0.957,-0.4769683023177329,3.213194156808866,mw,0.25045365619726767,earthquake,reviewed,1920,9,4,14,9,4,5
50.71,-178.821,-0.43051682492740795,1.70973170524796,mw,0.1362841091262128,earthquake,reviewed,1920,10,28,7,23,43,3
-21.602,-71.579,-0.43051682492740795,2.3988186622133747,mw,0.1882481831268746,earthquake,reviewed,1920,10,22,12,9,55,4
38.57,19.588,-0.43051682492740795,0.9162376335908